season,phase,phase_order,date,home_team,away_team,home_goals,away_goals,result,shots_home,shots_away,possession_home,possession_away,yellow_home,yellow_away,red_home,red_away,xG_home,xG_away,home_rating,away_rating,total_goals,btts,over_2_5,form_home,form_away,rating_diff,xG_diff,possession_diff,shots_diff,phase_num,elo_home,elo_away,elo_diff,result_code
2015-16,Group Stage,0,2015-09-01,Sevilla,Chelsea,2,0,H,14,6,57.8,42.2,0,0,1,0,1.82,-0.03,80.74,69.68,2,0,0,0.5,0.5,11.059999999999988,1.85,15.599999999999994,8,0,1500.0,1500.0,0.0,0
2015-16,Group Stage,0,2015-09-05,Barcelona,Sevilla,0,1,A,14,6,60.4,39.6,0,3,1,0,-0.13,0.92,90.34,80.74,1,0,0,0.5,1.0,9.600000000000009,-1.05,20.799999999999997,8,0,1500.0,1516.0,-16.0,2
2015-16,Group Stage,0,2015-09-08,Manchester City,Chelsea,2,1,H,17,12,40.4,59.6,2,2,0,1,1.58,1.19,90.93,69.68,3,1,1,0.5,0.0,21.25,0.3900000000000001,-19.200000000000003,5,0,1500.0,1484.0,16.0,0
2015-16,Group Stage,0,2015-09-09,Inter Milan,Ajax,0,3,A,11,9,49.7,50.3,1,2,0,1,-0.54,2.65,65.62,70.5,3,0,1,0.5,0.5,-4.8799999999999955,-3.19,-0.5999999999999943,2,0,1500.0,1500.0,0.0,2
2015-16,Group Stage,0,2015-10-05,Arsenal,Benfica,4,2,H,11,14,53.1,46.9,2,1,0,1,3.43,2.42,89.97,74.13,6,1,1,0.5,0.5,15.840000000000003,1.0100000000000002,6.200000000000003,-3,0,1500.0,1500.0,0.0,0
2015-16,Group Stage,0,2015-10-06,Real Madrid,Atletico Madrid,1,1,D,18,13,42.0,58.0,3,2,0,0,0.95,1.56,92.89,90.99,2,1,0,0.5,0.5,1.9000000000000057,-0.6100000000000001,-16.0,5,0,1500.0,1500.0,0.0,1
2015-16,Group Stage,0,2015-10-08,Juventus,Paris Saint-Germain,4,3,H,9,10,49.2,50.8,2,1,0,0,3.97,3.14,83.03,66.74,7,1,1,0.5,0.5,16.290000000000006,0.8300000000000001,-1.5999999999999943,-1,0,1500.0,1500.0,0.0,0
2015-16,Group Stage,0,2015-10-11,Borussia Dortmund,Real Madrid,2,3,A,12,12,47.4,52.6,0,1,1,1,1.83,2.44,86.24,92.89,5,1,1,0.5,0.5,-6.650000000000006,-0.6099999999999999,-5.200000000000003,0,0,1500.0,1500.0,0.0,2
2015-16,Group Stage,0,2015-10-17,Liverpool,Arsenal,0,4,A,12,7,40.9,59.1,0,1,0,0,0.27,3.35,69.68,89.97,4,0,1,0.5,1.0,-20.289999999999992,-3.08,-18.200000000000003,5,0,1500.0,1516.0,-16.0,2
2015-16,Group Stage,0,2015-10-21,Ajax,Tottenham,4,1,H,11,10,47.0,53.0,1,2,1,0,3.95,1.14,70.5,71.37,5,1,1,1.0,0.5,-0.8700000000000045,2.8100000000000005,-6.0,1,0,1516.0,1500.0,16.0,0
2015-16,Group Stage,0,2015-10-23,Paris Saint-Germain,Liverpool,1,2,A,12,6,63.4,36.6,1,2,1,0,1.09,1.68,66.74,69.68,3,1,1,0.0,0.0,-2.940000000000012,-0.5899999999999999,26.799999999999997,6,0,1484.0,1484.736306793522,-0.7363067935220897,2
2015-16,Group Stage,0,2015-10-26,RB Leipzig,Chelsea,2,1,H,8,8,58.9,41.1,1,1,0,0,1.82,1.03,73.74,69.68,3,1,1,0.5,0.0,4.059999999999988,0.79,17.799999999999997,0,0,1500.0,1468.736306793522,31.26369320647791,0
2015-16,Group Stage,0,2015-11-16,Tottenham,Juventus,5,4,H,6,13,63.5,36.5,0,0,0,1,4.94,3.23,71.37,83.03,9,1,1,0.0,1.0,-11.659999999999997,1.7100000000000004,27.0,-7,0,1484.736306793522,1516.0,-31.26369320647791,0
2015-16,Group Stage,0,2015-11-23,Atletico Madrid,Paris Saint-Germain,3,2,H,15,12,59.3,40.7,0,1,0,0,2.4,2.44,90.99,66.74,5,1,1,0.5,0.0,24.25,-0.040000000000000036,18.599999999999994,3,0,1500.0,1468.0339081301693,31.966091869830734,0
2015-16,Group Stage,0,2015-11-25,Benfica,Inter Milan,2,1,H,13,15,47.4,52.6,1,2,0,0,1.71,1.08,74.13,65.62,3,1,1,0.0,0.0,8.509999999999991,0.6299999999999999,-5.200000000000003,-2,0,1484.0,1484.0,0.0,0
2015-16,Group Stage,0,2015-11-27,Chelsea,Tottenham,2,1,H,7,6,44.1,55.9,2,0,0,0,1.56,1.37,69.68,71.37,3,1,1,0.0,0.5,-1.6899999999999977,0.18999999999999995,-11.799999999999997,1,0,1454.1721796717984,1502.1721796717984,-48.0,0
2015-16,Quarter-finals,2,2016-02-07,Inter Milan,RB Leipzig,0,1,A,10,10,60.5,39.5,1,1,0,0,-0.58,0.44,65.62,73.74,1,0,0,0.0,1.0,-8.11999999999999,-1.02,21.0,0,2,1468.0,1514.5641271217237,-46.564127121723686,2
2015-16,Quarter-finals,2,2016-02-09,Atletico Madrid,RB Leipzig,2,0,H,8,12,48.3,51.7,1,2,0,0,2.58,-0.77,90.99,73.74,2,0,0,0.75,1.0,17.25,3.35,-3.4000000000000057,-4,2,1514.5320468400625,1528.4325172139972,-13.900470373934695,0
2015-16,Round of 16,1,2016-02-13,Arsenal,Chelsea,1,0,H,16,13,41.1,58.9,2,1,0,0,1.47,0.0,89.97,69.68,1,0,0,1.0,0.25,20.289999999999992,1.47,-17.799999999999997,3,1,1531.263693206478,1472.3687042120757,58.89498899440218,0
2015-16,Semi-finals,3,2016-02-14,Inter Milan,Atletico Madrid,0,1,A,11,5,40.8,59.2,0,0,0,1,-0.61,1.27,65.62,90.99,1,0,0,0.0,0.8333333333333334,-25.36999999999999,-1.88,-18.400000000000006,6,3,1454.1316099077264,1531.171845818096,-77.04023591036957,2
2015-16,Quarter-finals,2,2016-02-17,Arsenal,Atletico Madrid,1,3,A,12,12,64.8,35.2,0,3,0,0,1.01,3.2,89.97,90.99,4,1,1,1.0,0.875,-1.019999999999996,-2.1900000000000004,29.599999999999994,0,2,1544.5771618809943,1543.6810377330216,0.8961241479726141,2
2015-16,Round of 16,1,2016-02-18,RB Leipzig,Borussia Dortmund,2,1,H,11,11,61.1,38.9,3,3,0,0,1.69,1.17,73.74,86.24,3,1,1,0.6666666666666666,0.0,-12.5,0.52,22.200000000000003,0,1,1511.7927182359638,1484.0,27.792718235963775,0
2015-16,Round of 16,1,2016-02-18,Chelsea,Borussia Dortmund,1,0,H,12,8,41.8,58.2,3,0,0,0,0.75,-0.14,69.68,86.24,1,0,0,0.2,0.0,-16.559999999999988,0.89,-16.400000000000006,4,1,1459.0552355375594,1469.2771789045075,-10.221943366948153,0
2015-16,Round of 16,1,2016-02-26,Inter Milan,Borussia Dortmund,0,1,A,16,8,46.3,53.7,1,0,0,0,0.71,0.73,65.62,86.24,1,0,0,0.0,0.0,-20.61999999999999,-0.020000000000000018,-7.400000000000006,8,1,1441.6224179928008,1452.806576793048,-11.184158800247133,2
2015-16,Semi-finals,3,2016-03-04,RB Leipzig,Atletico Madrid,2,2,D,13,10,64.0,36.0,3,3,0,1,1.88,1.71,73.74,90.99,4,1,1,0.75,0.9,-17.25,0.16999999999999993,28.0,3,3,1526.5155393314562,1559.7223056836012,-33.206766352144996,1
2015-16,Round of 16,1,2016-03-20,Real Madrid,Arsenal,3,2,H,14,9,49.7,50.3,3,0,0,0,2.89,1.75,92.89,89.97,5,1,1,0.75,0.75,2.9200000000000017,1.1400000000000001,-0.5999999999999943,5,1,1516.0,1528.5358939304147,-12.535893930414659,0
2015-16,Round of 16,1,2016-03-26,Atletico Madrid,Inter Milan,2,1,H,18,13,50.5,49.5,3,1,1,0,1.91,1.75,90.99,65.62,3,1,1,0.9,0.0,25.36999999999999,0.15999999999999992,1.0,5,1,1558.1977170849138,1426.1372897090937,132.06042737582015,0
2015-16,Round of 16,1,2016-04-05,Sevilla,Borussia Dortmund,1,2,A,5,14,54.2,45.8,2,0,0,1,0.85,1.78,80.74,86.24,3,1,1,1.0,0.25,-5.5,-0.93,8.400000000000006,-9,1,1531.263693206478,1468.291705076755,62.97198812972283,2
2015-16,Round of 16,1,2016-04-12,Borussia Dortmund,Arsenal,5,5,D,8,10,60.3,39.7,2,0,1,0,5.2,5.42,86.24,89.97,10,1,1,0.4,0.6,-3.730000000000004,-0.21999999999999975,20.599999999999994,-2,1,1487.1603286672537,1511.9588450698257,-24.798516402571977,1
2015-16,Quarter-finals,2,2016-04-12,RB Leipzig,Arsenal,0,1,A,15,16,45.3,54.7,0,2,1,0,0.73,1.16,73.74,89.97,1,0,0,0.7,0.5,-16.230000000000004,-0.42999999999999994,-9.400000000000006,-1,2,1528.0401279301436,1510.8187665774594,17.221361352684198,2
2015-16,Final,4,2016-04-17,RB Leipzig,Inter Milan,3,3,D,15,8,64.7,35.3,0,2,0,0,3.14,2.97,73.74,65.62,6,1,1,0.5,0.0,8.11999999999999,0.16999999999999993,29.400000000000006,7,4,1511.2477037925214,1415.9420051004058,95.30569869211558,1
2016-17,Group Stage,0,2016-09-01,Napoli,Ajax,3,1,H,17,8,62.5,37.5,0,1,0,0,3.8,0.37,77.96,70.5,4,1,1,0.5,1.0,7.459999999999994,3.4299999999999997,25.0,9,0,1500.0,1531.263693206478,-31.26369320647791,0
2016-17,Group Stage,0,2016-09-02,Atletico Madrid,Manchester City,3,1,H,14,10,63.7,36.3,3,1,1,0,2.32,0.98,90.99,90.93,4,1,1,0.9,1.0,0.05999999999998806,1.3399999999999999,27.400000000000006,4,0,1568.3930016936017,1515.263693206478,53.12930848712381,0
2016-17,Group Stage,0,2016-09-02,Tottenham,Porto,2,1,H,13,9,61.6,38.4,1,1,0,0,2.2,0.61,71.37,70.45,3,1,1,0.3333333333333333,0.5,0.9200000000000017,1.5900000000000003,23.200000000000003,4,0,1483.975655131521,1500.0,-16.02434486847892,0
2016-17,Group Stage,0,2016-09-06,Porto,Bayern Munich,2,2,D,7,13,43.5,56.5,2,2,0,0,2.39,2.03,70.45,89.12,4,1,1,0.0,0.5,-18.67,0.3600000000000003,-13.0,-6,0,1483.262574461736,1500.0,-16.737425538264006,1
2016-17,Group Stage,0,2016-09-11,Chelsea,Bayern Munich,2,3,A,12,15,57.7,42.3,1,3,0,0,2.31,3.0,69.68,89.12,5,1,1,0.4,0.5,-19.439999999999998,-0.69,15.400000000000006,-3,0,1475.525837649019,1499.2298087846307,-23.70397113561171,2
2016-17,Group Stage,0,2016-09-15,Bayern Munich,RB Leipzig,3,2,H,15,8,42.8,57.2,3,0,1,1,3.51,1.82,89.12,73.74,5,1,1,0.75,0.4,15.38000000000001,1.6899999999999997,-14.400000000000006,7,0,1514.1398911358588,1506.96558473292,7.174306402938782,0
2016-17,Group Stage,0,2016-10-02,Manchester City,Atletico Madrid,4,2,H,16,8,56.0,44.0,2,2,0,0,4.08,2.02,90.93,90.99,6,1,1,0.5,0.9,-0.05999999999998806,2.06,12.0,8,0,1501.6914937799925,1581.9652011200872,-80.27370734009469,0
2016-17,Group Stage,0,2016-10-03,Liverpool,Ajax,2,3,A,12,9,54.4,45.6,3,0,1,0,1.76,3.24,69.68,70.5,5,1,1,0.5,0.6666666666666666,-0.8199999999999932,-1.4800000000000002,8.799999999999997,3,0,1500.7023986633528,1513.8278203282016,-13.125421664848773,2
2016-17,Group Stage,0,2016-10-11,RB Leipzig,Manchester City,0,2,A,12,12,46.1,53.9,2,0,0,0,-0.25,1.5,73.74,90.93,2,0,0,0.4,0.6666666666666666,-17.190000000000012,-1.75,-7.799999999999997,0,0,1491.2959268017983,1521.323829222744,-30.027902420945793,2
2016-17,Group Stage,0,2016-10-17,Paris Saint-Germain,Atletico Madrid,1,0,H,10,12,57.0,43.0,0,0,0,0,0.01,-0.32,66.74,90.99,1,0,0,0.0,0.7,-24.25,0.33,14.0,-2,0,1453.5018612901067,1562.3328656773356,-108.83100438722886,0
2016-17,Group Stage,0,2016-10-19,Borussia Dortmund,Benfica,2,0,H,8,11,48.6,51.4,2,3,0,0,1.61,0.2,86.24,74.13,2,0,0,0.5,0.5,12.11,1.4100000000000001,-2.799999999999997,-3,0,1488.30040715962,1500.0,-11.699592840380092,0
2016-17,Group Stage,0,2016-10-25,Ajax,Atletico Madrid,0,1,A,17,17,48.9,51.1,1,1,0,0,-0.49,0.54,70.5,90.99,1,0,0,0.75,0.5,-20.489999999999995,-1.03,-2.200000000000003,0,0,1529.2236597103392,1541.4787455818425,-12.255085871503297,2
2016-17,Group Stage,0,2016-10-26,Sevilla,Inter Milan,0,2,A,12,11,45.7,54.3,0,3,1,0,-0.33,1.88,80.74,65.62,2,0,0,0.6666666666666666,0.1,15.11999999999999,-2.21,-8.599999999999994,1,0,1512.3950696159793,1420.2241241600072,92.17094545597206,2
2016-17,Group Stage,0,2016-10-28,Inter Milan,Bayern Munich,2,3,A,14,8,58.7,41.3,0,3,0,0,1.89,2.08,65.62,89.12,5,1,1,0.3,0.8333333333333334,-23.5,-0.19000000000000017,17.400000000000006,6,0,1440.3719018893294,1529.8095490669805,-89.43764717765112,2
2016-17,Group Stage,0,2016-11-15,Benfica,AC Milan,0,1,A,13,7,61.1,38.9,2,2,1,0,-0.14,1.36,74.13,94.1,1,0,0,0.3333333333333333,0.5,-19.97,-1.5,22.200000000000003,6,0,1483.4614173980206,1500.0,-16.538582601979442,2
2016-17,Group Stage,0,2016-11-22,AC Milan,Tottenham,2,1,H,7,10,48.6,51.4,0,3,0,0,1.88,1.87,94.1,71.37,3,1,1,1.0,0.5,22.72999999999999,0.009999999999999787,-2.799999999999997,-3,0,1515.2389448725285,1500.713080669785,14.525864202743378,0
2016-17,Round of 16,1,2017-02-01,Sevilla,Ajax,4,0,H,6,14,51.6,48.4,1,2,1,0,4.07,1.06,80.74,70.5,4,0,1,0.5,0.6,10.239999999999995,3.0100000000000002,3.200000000000003,-8,1,1492.2472918866572,1513.787793328822,-21.540501442164896,0
2016-17,Round of 16,1,2017-02-15,AC Milan,Sevilla,7,0,H,10,9,55.8,44.2,0,2,0,0,7.55,0.38,94.1,80.74,7,0,1,1.0,0.6,13.36,7.17,11.599999999999994,1,1,1530.5703935967238,1509.237999594839,21.332394001884722,0
2016-17,Semi-finals,3,2017-02-26,Sevilla,Borussia Dortmund,1,0,H,9,13,54.2,45.8,1,2,0,1,1.04,0.07,80.74,86.24,1,0,0,0.4,0.7,-5.5,0.97,8.400000000000006,-4,3,1494.219159992102,1504.8389897615994,-10.6198297694973,0
2016-17,Round of 16,1,2017-03-02,Atletico Madrid,Sevilla,2,1,H,9,11,59.7,40.3,1,0,0,0,2.42,0.9,90.99,80.74,3,1,1,0.6,0.4,10.25,1.52,19.400000000000006,-2,1,1556.9146119633597,1510.7080689733211,46.20654299003854,0
2016-17,Round of 16,1,2017-03-10,Inter Milan,Ajax,3,1,H,10,0,59.1,40.9,3,0,1,0,3.04,0.93,65.62,70.5,4,1,1,0.3,0.4,-4.8799999999999955,2.11,18.200000000000003,10,1,1428.4020281578278,1496.7970856206402,-68.39505746281247,0
2016-17,Final,4,2017-03-16,Sevilla,Manchester City,1,0,H,11,8,60.2,39.8,0,0,0,0,1.09,0.78,80.74,90.93,1,0,0,0.4,0.75,-10.190000000000012,0.31000000000000005,20.400000000000006,3,4,1496.8235015909686,1535.9444260658213,-39.1209244748527,0
2016-17,Round of 16,1,2017-03-17,Ajax,Sevilla,2,0,H,12,10,54.9,45.1,0,1,0,0,2.08,-0.06,70.5,80.74,2,0,0,0.2,0.6,-10.239999999999995,2.14,9.799999999999997,2,1,1477.6874423506954,1514.6175113274257,-36.930068976730354,0
2016-17,Round of 16,1,2017-03-21,Borussia Dortmund,AC Milan,2,1,H,11,6,50.5,49.5,3,0,0,0,2.74,1.45,86.24,94.1,3,1,1,0.7,1.0,-7.859999999999999,1.2900000000000003,1.0,5,1,1488.3500807803803,1545.5892331994608,-57.23915241908048,0
2016-17,Round of 16,1,2017-03-23,Manchester City,AC Milan,2,3,A,15,12,49.4,50.6,0,1,0,0,1.75,2.8,90.93,94.1,5,1,1,0.6,0.75,-3.1699999999999875,-1.0499999999999998,-1.2000000000000028,3,1,1518.1504163293641,1526.9768649079892,-8.826448578625104,2
2016-17,Semi-finals,3,2017-03-25,Manchester City,Borussia Dortmund,2,1,H,15,7,42.7,57.3,0,3,0,0,2.79,0.98,90.93,86.24,3,1,1,0.4,0.7,4.690000000000012,1.81,-14.599999999999994,8,3,1502.5568018855913,1506.9624490718518,-4.405647186260467,0
2016-17,Quarter-finals,2,2017-04-08,Atletico Madrid,Ajax,6,0,H,11,2,58.0,42.0,0,1,0,0,5.64,-0.36,90.99,70.5,6,0,1,0.6,0.4,20.489999999999995,6.0,16.0,9,2,1570.7991793457122,1495.3817587344847,75.4174206112275,0
2016-17,Quarter-finals,2,2017-04-14,Manchester City,Atletico Madrid,2,3,A,10,9,46.7,53.3,3,1,0,0,1.75,2.83,90.93,90.99,5,1,1,0.6,0.6,-0.05999999999998806,-1.08,-6.599999999999994,1,2,1518.7596785626204,1583.3796194038111,-64.61994084119078,2
2016-17,Round of 16,1,2017-04-19,Benfica,Atletico Madrid,0,1,A,14,13,40.7,59.3,2,2,1,0,0.04,0.95,74.13,90.99,1,0,0,0.25,0.8,-16.86,-0.9099999999999999,-18.599999999999994,1,1,1468.222472525492,1596.4376072283642,-128.2151347028721,2
2016-17,Quarter-finals,2,2017-04-20,Sevilla,Manchester City,0,0,D,15,4,46.7,53.3,0,0,0,1,-0.83,0.68,80.74,90.93,0,0,0,0.4,0.4,-10.190000000000012,-1.51,-6.599999999999994,11,2,1496.9231949436364,1505.7016907380673,-8.77849579443091,1
2016-17,Quarter-finals,2,2017-04-21,Borussia Dortmund,Manchester City,1,1,D,11,12,49.6,50.4,1,1,1,0,1.21,0.71,86.24,90.93,2,1,0,0.5,0.3,-4.690000000000012,0.5,-0.7999999999999972,-1,2,1490.7595723948227,1505.2975120722733,-14.537939677450595,1
2017-18,Group Stage,0,2017-09-02,Manchester City,AC Milan,1,2,A,11,12,61.6,38.4,2,2,0,0,0.44,2.2,90.93,94.1,3,1,1,0.4,0.8,-3.1699999999999875,-1.7600000000000002,23.200000000000003,-1,0,1504.6284056720249,1542.570479351762,-37.94207367973718,2
2017-18,Group Stage,0,2017-09-05,AC Milan,Porto,2,1,H,9,10,61.9,38.1,2,2,1,0,2.11,1.13,94.1,70.45,3,1,1,0.8,0.25,23.64999999999999,0.98,23.799999999999997,-1,0,1556.8300953783396,1484.0327656771053,72.79732970123428,0
2017-18,Group Stage,0,2017-09-06,Chelsea,Barcelona,3,4,A,12,12,59.9,40.1,0,1,0,0,3.15,3.7,69.68,90.34,7,1,1,0.4,0.0,-20.659999999999997,-0.5500000000000003,19.799999999999997,0,0,1460.6157552977909,1484.736306793522,-24.120551495731206,2
2017-18,Group Stage,0,2017-09-11,Inter Milan,Barcelona,0,3,A,10,7,46.0,54.0,0,1,1,0,-0.37,3.24,65.62,90.34,3,0,1,0.5,0.5,-24.72,-3.6100000000000003,-8.0,3,0,1447.5116714277726,1499.6272954997407,-52.115624071968114,2
2017-18,Group Stage,0,2017-09-12,Borussia Dortmund,RB Leipzig,0,0,D,11,10,48.4,51.6,1,2,0,0,0.17,0.16,86.24,73.74,0,0,0,0.5,0.2,12.5,0.010000000000000009,-3.200000000000003,1,0,1491.4286787950712,1476.675329958721,14.753348836350142,1
2017-18,Group Stage,0,2017-09-14,Real Madrid,Paris Saint-Germain,2,1,H,11,12,55.3,44.7,0,2,1,1,2.47,1.65,92.89,66.74,3,1,1,0.8333333333333334,0.25,26.150000000000006,0.8200000000000003,10.599999999999994,-1,0,1532.577048860589,1474.3559813855998,58.22106747498924,0
2017-18,Group Stage,0,2017-09-22,Barcelona,Inter Milan,1,1,D,12,11,41.7,58.3,2,3,0,1,1.05,0.72,90.34,65.62,2,1,0,0.6666666666666666,0.5,24.72,0.33000000000000007,-16.599999999999994,1,0,1513.2451220719674,1433.893844855546,79.35127721642152,1
2017-18,Group Stage,0,2017-09-24,Paris Saint-Germain,Arsenal,4,3,H,12,5,54.9,45.1,0,0,0,0,3.27,4.27,66.74,89.97,7,1,1,0.2,0.5,-23.230000000000004,-0.9999999999999996,9.799999999999997,7,0,1461.0123426713753,1527.6111907150816,-66.59884804370631,0
2017-18,Group Stage,0,2017-09-27,RB Leipzig,Inter Milan,2,0,H,15,13,46.8,53.2,0,1,1,1,2.26,-0.04,73.74,65.62,2,0,0,0.2,0.5,8.11999999999999,2.3,-6.400000000000006,2,0,1477.3543387108853,1437.4858659464976,39.86847276438766,0
2017-18,Group Stage,0,2017-10-08,Sevilla,Barcelona,2,1,H,10,10,61.3,38.7,3,0,1,0,2.48,1.14,80.74,90.34,3,1,1,0.5,0.625,-9.600000000000009,1.34,22.599999999999994,0,0,1497.3273736094304,1509.6531009810158,-12.325727371585344,0
2017-18,Group Stage,0,2017-10-15,Ajax,Bayern Munich,0,0,D,11,10,62.4,37.6,2,1,0,0,0.03,-0.09,70.5,89.12,0,0,0,0.2,0.875,-18.620000000000005,0.12,24.799999999999997,1,0,1482.8013186763858,1541.779422798482,-58.97810412209628,1
2017-18,Group Stage,0,2017-11-03,Tottenham,Bayern Munich,0,2,A,16,10,48.0,52.0,1,0,1,0,-0.54,2.23,71.37,89.12,2,0,0,0.4,0.8,-17.75,-2.77,-4.0,6,0,1485.3816319455898,1539.0891719413623,-53.70753999577255,2
2017-18,Group Stage,0,2017-11-10,Arsenal,AC Milan,1,0,H,9,10,49.4,50.6,3,3,0,0,0.84,-0.27,89.97,94.1,1,0,0,0.3,0.8,-4.1299999999999955,1.1099999999999999,-1.2000000000000028,-1,0,1508.5812207667811,1569.5258673720307,-60.944646605249545,0
2017-18,Group Stage,0,2017-11-13,Juventus,Borussia Dortmund,5,0,H,15,8,46.3,53.7,2,1,0,0,5.27,-0.02,83.03,86.24,5,0,1,0.5,0.4,-3.2099999999999937,5.289999999999999,-7.400000000000006,7,0,1498.5641271217237,1490.749670042907,7.814457078816758,0
2017-18,Group Stage,0,2017-11-25,Porto,Arsenal,0,1,A,13,9,41.8,58.2,1,3,0,0,1.04,0.74,70.45,89.97,1,0,0,0.16666666666666666,0.5,-19.519999999999996,0.30000000000000004,-16.400000000000006,4,0,1471.3369936834142,1527.3593893194125,-56.02239563599824,2
2017-18,Group Stage,0,2017-11-26,Bayern Munich,Arsenal,3,1,H,13,12,54.7,45.3,3,0,0,0,2.62,0.89,89.12,89.97,4,1,1,0.9,0.7,-0.8499999999999943,1.73,9.400000000000006,1,0,1552.6353625180186,1540.8015919777815,11.833770540237083,0
2017-18,Round of 16,1,2018-02-09,Tottenham,Bayern Munich,0,1,A,19,9,57.6,42.4,1,3,1,0,0.08,0.18,71.37,89.12,1,0,0,0.4,0.9,-17.75,-0.09999999999999999,15.200000000000003,10,1,1471.8354413689335,1568.090607886645,-96.25516651771159,2
2017-18,Semi-finals,3,2018-02-09,Tottenham,Bayern Munich,3,4,A,8,14,56.3,43.7,1,1,1,0,2.97,4.13,71.37,89.12,7,1,1,0.2,0.9,-17.75,-1.1599999999999997,12.599999999999994,-6,3,1460.15812340174,1579.7679258538385,-119.60980245209839,2
2017-18,Semi-finals,3,2018-02-26,Manchester City,Porto,2,1,H,11,10,57.3,42.7,2,2,0,0,1.99,1.8,90.93,70.45,3,1,1,0.4,0.125,20.480000000000004,0.18999999999999995,14.599999999999994,1,3,1490.3687896454474,1457.8947910250452,32.4739986204022,0
2017-18,Round of 16,1,2018-02-27,Real Madrid,Porto,3,0,H,17,9,61.8,38.2,0,2,1,0,2.48,0.48,92.89,70.45,3,0,1,0.875,0.1,22.439999999999998,2.0,23.599999999999994,8,1,1545.9206875748134,1443.3859341427492,102.53475343206424,0
2017-18,Round of 16,1,2018-03-07,Sevilla,Bayern Munich,1,2,A,11,13,46.2,53.8,3,0,0,0,0.11,2.09,80.74,89.12,3,1,1,0.5,0.9,-8.38000000000001,-1.9799999999999998,-7.599999999999994,-2,1,1513.8947563217052,1590.4674555167865,-76.57269919508121,2
2017-18,Round of 16,1,2018-03-09,Manchester City,Tottenham,3,1,H,17,8,49.9,50.1,2,2,0,1,3.49,1.3,90.93,71.37,4,1,1,0.4,0.2,19.560000000000002,2.1900000000000004,-0.20000000000000284,9,1,1504.8776465277433,1449.4585937387922,55.41905278895115,0
2017-18,Quarter-finals,2,2018-03-10,Manchester City,Porto,2,0,H,17,14,49.9,50.1,2,2,0,0,1.94,0.4,90.93,70.45,2,0,0,0.6,0.1,20.480000000000004,1.54,-0.20000000000000284,3,2,1518.3469315705443,1431.9753624424368,86.37156912810747,0
2017-18,Quarter-finals,2,2018-03-13,Bayern Munich,Manchester City,1,0,H,12,11,46.4,53.6,2,1,0,1,0.57,0.04,89.12,90.93,1,0,0,1.0,0.7,-1.8100000000000023,0.5299999999999999,-7.200000000000003,1,2,1602.9971594220824,1530.449336255539,72.54782316654337,0
2017-18,Round of 16,1,2018-03-14,Bayern Munich,Tottenham,3,3,D,18,9,53.8,46.2,1,1,0,0,2.77,2.99,89.12,71.37,6,1,1,1.0,0.0,17.75,-0.2200000000000002,7.599999999999994,9,1,1615.7039332104268,1435.9893086959912,179.71462451443563,1
2017-18,Round of 16,1,2018-03-20,Paris Saint-Germain,Porto,2,1,H,10,11,64.0,36.0,1,0,1,1,2.55,1.3,66.74,70.45,3,1,1,0.4,0.0,-3.710000000000008,1.2499999999999998,28.0,-1,1,1480.0423126196758,1419.872957757442,60.16935486223383,0
2017-18,Quarter-finals,2,2018-03-20,Porto,Tottenham,0,1,A,12,8,45.6,54.4,0,0,0,0,0.08,0.64,70.45,71.37,1,0,0,0.0,0.1,-0.9200000000000017,-0.56,-8.799999999999997,4,2,1406.6164858771224,1443.598632133213,-36.98214625609057,2
2017-18,Round of 16,1,2018-04-09,Porto,Paris Saint-Germain,2,1,H,14,11,41.0,59.0,3,0,1,0,2.68,1.55,70.45,66.74,3,1,1,0.0,0.6,3.710000000000008,1.1300000000000001,-18.0,3,1,1392.3131735773638,1493.2987844999955,-100.98561092263162,0
2017-18,Final,4,2018-04-15,Manchester City,Tottenham,4,3,H,15,9,43.0,57.0,1,2,0,0,3.56,2.42,90.93,71.37,7,1,1,0.6,0.3,19.560000000000002,1.1400000000000001,-14.0,6,4,1517.7425624671946,1457.9019444329715,59.8406180342231,0
2017-18,Quarter-finals,2,2018-04-20,Tottenham,Real Madrid,2,3,A,14,13,51.9,48.1,0,3,1,1,2.41,3.1,71.37,92.89,5,1,1,0.3,0.9,-21.519999999999996,-0.69,3.799999999999997,1,2,1444.6307763980071,1557.3312592751258,-112.7004828771187,2
2017-18,Round of 16,1,2018-04-26,AC Milan,Bayern Munich,4,2,H,13,5,62.8,37.2,3,2,0,0,4.55,2.31,94.1,89.12,6,1,1,0.6,0.9,4.97999999999999,2.2399999999999998,25.599999999999994,8,1,1550.7476988193994,1608.094609773205,-57.34691095380572,0
2018-19,Group Stage,0,2018-09-07,RB Leipzig,Ajax,3,0,H,13,14,46.9,53.1,1,3,1,0,2.56,-0.28,73.74,70.5,3,0,1,0.4,0.3,3.239999999999995,2.84,-6.200000000000003,-1,0,1491.526344162084,1485.4915695335055,6.034774628578361,0
2018-19,Group Stage,0,2018-09-26,Juventus,RB Leipzig,3,2,H,12,10,45.7,54.3,0,2,0,1,3.46,1.88,83.03,73.74,5,1,1,0.6666666666666666,0.5,9.290000000000006,1.58,-8.599999999999994,2,0,1514.2043187455856,1507.2484604652566,6.955858280329039,0
2018-19,Group Stage,0,2018-10-03,Porto,Manchester City,0,2,A,9,8,55.9,44.1,0,1,0,0,0.27,1.38,70.45,90.93,2,0,0,0.2,0.8,-20.480000000000004,-1.1099999999999999,11.799999999999997,1,0,1412.837047499202,1531.013730502159,-118.1766830029569,2
2018-19,Group Stage,0,2018-10-04,Atletico Madrid,AC Milan,5,4,H,9,10,58.9,41.1,0,0,1,1,5.28,4.38,90.99,94.1,9,1,1,1.0,0.8,-3.1099999999999994,0.9000000000000004,17.799999999999997,-1,0,1606.7872801484925,1569.364897040291,37.42238310820153,0
2018-19,Group Stage,0,2018-10-06,Bayern Munich,Arsenal,2,0,H,15,9,58.3,41.7,1,0,0,0,1.77,-1.04,89.12,89.97,2,0,0,0.7,0.6,-0.8499999999999943,2.81,16.599999999999994,6,0,1589.4774115523135,1525.346346609155,64.13106494315844,0
2018-19,Group Stage,0,2018-10-07,AC Milan,Arsenal,3,0,H,10,9,57.3,42.7,3,0,1,1,2.39,0.36,94.1,89.97,3,0,1,0.6,0.4,4.1299999999999955,2.0300000000000002,14.599999999999994,1,0,1555.0816277133708,1512.2666007927435,42.81502692062736,0
2018-19,Group Stage,0,2018-10-07,Manchester City,Arsenal,1,0,H,9,11,53.1,46.9,2,2,1,0,0.36,0.18,90.93,89.97,1,0,0,0.8,0.4,0.960000000000008,0.18,6.200000000000003,-2,0,1541.772094843307,1498.2283851242162,43.543709719090884,0
2018-19,Group Stage,0,2018-10-11,Chelsea,Borussia Dortmund,1,2,A,12,7,45.4,54.6,1,1,1,0,0.91,2.6,69.68,86.24,3,1,1,0.4,0.4,-16.559999999999988,-1.69,-9.200000000000003,5,0,1445.7247665915722,1475.109478419045,-29.384711827472756,2
2018-19,Group Stage,0,2018-10-14,Inter Milan,Borussia Dortmund,1,2,A,13,11,47.6,52.4,0,2,0,0,1.21,1.64,65.62,86.24,3,1,1,0.3,0.4,-20.61999999999999,-0.42999999999999994,-4.799999999999997,2,0,1423.313860495299,1489.7594797883478,-66.44561929304882,2
2018-19,Group Stage,0,2018-10-18,Arsenal,Bayern Munich,1,0,H,13,17,56.8,43.2,0,2,1,0,0.67,0.07,89.97,89.12,1,0,0,0.2,0.7,0.8499999999999943,0.6000000000000001,13.599999999999994,-4,0,1484.2232135095096,1602.557157368725,-118.33394385921542,0
2018-19,Group Stage,0,2018-10-23,Tottenham,Juventus,2,2,D,7,12,54.8,45.2,2,1,1,0,1.46,1.92,71.37,83.03,4,1,1,0.3,0.75,-11.659999999999997,-0.45999999999999996,9.599999999999994,-5,0,1433.6461397454325,1529.8840324254663,-96.23789268003384,1
2018-19,Group Stage,0,2018-11-04,Borussia Dortmund,Juventus,3,1,H,12,9,60.6,39.4,0,0,0,1,3.38,-0.36,86.24,83.03,4,1,1,0.6,0.7,3.2099999999999937,3.7399999999999998,21.200000000000003,3,0,1502.7363137931197,1525.5620878289646,-22.825774035844915,0
2018-19,Group Stage,0,2018-11-16,Barcelona,Borussia Dortmund,3,2,H,9,11,53.4,46.6,1,1,0,0,2.71,2.49,90.34,86.24,5,1,1,0.5,0.7,4.1000000000000085,0.21999999999999975,6.799999999999997,-2,0,1493.085718268741,1519.785969790013,-26.700251521272094,0
2018-19,Group Stage,0,2018-11-17,Liverpool,Inter Milan,0,0,D,11,13,56.7,43.3,1,2,1,0,0.89,-0.5,69.68,65.62,0,0,0,0.3333333333333333,0.3,4.060000000000002,1.3900000000000001,13.400000000000006,-2,0,1485.3065592812152,1410.337026490527,74.96953279068816,1
2018-19,Group Stage,0,2018-11-19,Paris Saint-Germain,Borussia Dortmund,2,1,H,16,11,60.3,39.7,1,3,0,0,1.9,1.16,66.74,86.24,3,1,1,0.6,0.6,-19.5,0.74,20.599999999999994,5,0,1472.7749105781572,1502.5587926564024,-29.783882078245142,0
2018-19,Group Stage,0,2018-11-22,Ajax,Paris Saint-Germain,2,0,H,15,10,47.0,53.0,1,3,0,0,2.18,-0.21,70.5,66.74,2,0,0,0.3,0.6,3.760000000000005,2.39,-6.0,5,0,1469.7694532303328,1490.143159033971,-20.37370580363813,0
2018-19,Round of 16,1,2019-02-01,Arsenal,Liverpool,2,1,H,15,11,55.4,44.6,0,1,0,0,2.12,0.71,89.97,69.68,3,1,1,0.2,0.375,20.289999999999992,1.4100000000000001,10.799999999999997,4,1,1505.4713130907728,1481.9066886095372,23.56462448123557,0
2018-19,Round of 16,1,2019-02-15,RB Leipzig,Juventus,0,0,D,12,9,56.9,43.1,2,1,0,1,0.3,-0.14,73.74,83.03,0,0,0,0.5,0.5,-9.290000000000006,0.44,13.799999999999997,3,1,1491.5687467853759,1508.5124318320713,-16.943685046695464,1
2018-19,Round of 16,1,2019-02-15,Tottenham,Arsenal,0,3,A,11,8,58.8,41.2,0,1,1,0,-0.22,3.13,71.37,89.97,3,0,1,0.4,0.4,-18.599999999999994,-3.35,17.599999999999994,3,1,1437.9680843419342,1520.3877829891587,-82.41969864722455,2
2018-19,Quarter-finals,2,2019-02-15,Paris Saint-Germain,Liverpool,2,3,A,12,17,47.4,52.6,2,2,0,0,2.13,3.36,66.74,69.68,5,1,1,0.6,0.3,-2.940000000000012,-1.23,-5.200000000000003,-5,2,1473.2059891706958,1466.9902187111513,6.215770459544501,2
2018-19,Quarter-finals,2,2019-02-16,Juventus,Arsenal,0,2,A,7,13,59.9,40.1,3,0,0,0,0.89,1.88,83.03,89.97,2,0,0,0.6,0.6,-6.939999999999998,-0.9899999999999999,19.799999999999997,-6,2,1507.7327642970697,1532.6618468088175,-24.929082511747765,2
2018-19,Final,4,2019-02-19,Paris Saint-Germain,Arsenal,0,3,A,7,6,40.7,59.3,0,1,0,0,0.06,2.29,66.74,89.97,3,0,1,0.4,0.8,-23.230000000000004,-2.23,-18.599999999999994,1,4,1456.9197728981708,1547.5157862139017,-90.59601331573094,2
2018-19,Round of 16,1,2019-02-22,Juventus,Porto,3,2,H,4,10,51.5,48.5,3,2,1,0,2.57,1.29,83.03,70.45,5,1,1,0.4,0.2,12.579999999999998,1.2799999999999998,3.0,-6,1,1492.8788248919855,1402.078683158054,90.80014173393147,0
2018-19,Round of 16,1,2019-02-23,Manchester City,Arsenal,3,2,H,14,10,55.9,44.1,2,0,1,0,2.52,2.03,90.93,89.97,5,1,1,0.8,1.0,0.960000000000008,0.4900000000000002,11.799999999999997,4,1,1555.7772664580136,1559.4357417751166,-3.6584753171030115,0
2018-19,Round of 16,1,2019-02-25,Liverpool,Arsenal,2,1,H,13,13,49.5,50.5,1,2,0,1,2.53,1.22,69.68,89.97,3,1,1,0.5,0.8,-20.289999999999992,1.3099999999999998,-1.0,0,1,1483.2764349836764,1543.2672689872377,-59.990834003561304,0
2018-19,Semi-finals,3,2019-03-23,Paris Saint-Germain,Manchester City,2,4,A,11,8,59.6,40.4,1,0,0,1,0.89,4.32,66.74,90.93,6,1,1,0.2,0.8,-24.190000000000012,-3.43,19.200000000000003,3,3,1444.9998173369559,1571.9457392458926,-126.94592190893673,2
2018-19,Quarter-finals,2,2019-03-24,Manchester City,Paris Saint-Germain,5,2,H,13,11,51.8,48.2,2,0,0,1,5.63,1.5,90.93,66.74,7,1,1,1.0,0.2,24.190000000000012,4.13,3.5999999999999943,2,2,1582.346638107064,1434.5989184757843,147.74771963127978,0
2018-19,Quarter-finals,2,2019-04-02,Arsenal,Liverpool,1,0,H,11,7,60.0,40.0,2,0,0,0,1.29,0.58,89.97,69.68,1,0,0,0.6,0.5,20.289999999999992,0.7100000000000001,20.0,4,2,1524.5317210387943,1502.0119829321197,22.519738106674595,0
2018-19,Round of 16,1,2019-04-14,Porto,Arsenal,1,2,A,14,9,53.0,47.0,3,3,0,0,0.67,2.08,70.45,89.97,3,1,1,0.2,0.6,-19.519999999999996,-1.4100000000000001,6.0,5,1,1390.1675154619772,1539.4960986688222,-149.328583206845,2
2018-19,Round of 16,1,2019-04-21,Paris Saint-Germain,Tottenham,1,1,D,7,13,60.9,39.1,0,0,0,0,0.44,0.7,66.74,71.37,2,1,0,0.0,0.3,-4.63000000000001,-0.25999999999999995,21.799999999999997,-6,1,1425.0204515322425,1425.6940205222754,-0.6735689900328907,1
2018-19,Semi-finals,3,2019-04-27,Arsenal,Paris Saint-Germain,1,0,H,16,11,65.0,35.0,3,1,0,0,1.74,-0.43,89.97,66.74,1,0,0,0.6,0.1,23.230000000000004,2.17,30.0,5,3,1549.0136026501827,1425.0514704916918,123.96213215849093,0
2019-20,Group Stage,0,2019-09-09,Real Madrid,Porto,3,1,H,15,17,58.0,42.0,1,1,0,0,2.68,1.24,92.89,70.45,4,1,1,1.0,0.2,22.439999999999998,1.4400000000000002,16.0,-2,0,1568.3158959277005,1380.6500114806167,187.66588444708373,0
2019-20,Group Stage,0,2019-09-15,Arsenal,Inter Milan,3,2,H,8,7,40.8,59.2,0,0,0,1,3.29,2.27,89.97,65.62,5,1,1,0.6,0.2,24.349999999999994,1.02,-18.400000000000006,1,0,1559.5354434547294,1413.736897162205,145.7985462925244,0
2019-20,Group Stage,0,2019-09-19,Paris Saint-Germain,Juventus,2,3,A,7,8,58.3,41.7,1,0,0,0,1.56,3.23,66.74,83.03,5,1,1,0.1,0.4,-16.290000000000006,-1.67,16.599999999999994,-1,0,1414.5296296871452,1504.7899925880622,-90.26036290091702,2
2019-20,Group Stage,0,2019-09-19,Juventus,Arsenal,5,0,H,9,5,60.0,40.0,2,3,0,0,4.67,-0.08,83.03,89.97,5,0,1,0.5,0.8,-6.939999999999998,4.75,20.0,4,0,1516.7244038477552,1569.1893834466655,-52.464979598910304,0
2019-20,Group Stage,0,2019-09-28,Sevilla,Manchester City,0,0,D,12,10,47.0,53.0,3,0,0,0,0.08,0.13,80.74,90.93,0,0,0,0.5,1.0,-10.190000000000012,-0.05,-6.0,2,0,1501.3650524164093,1591.925105050606,-90.56005263419661,1
2019-20,Group Stage,0,2019-09-28,Manchester City,Chelsea,0,0,D,12,12,47.9,52.1,3,1,0,0,0.03,0.42,90.93,69.68,0,0,0,0.9,0.2,21.25,-0.39,-4.200000000000003,0,0,1587.8466090162328,1431.0747652222694,156.7718437939634,1
2019-20,Group Stage,0,2019-10-11,RB Leipzig,Chelsea,1,3,A,10,9,41.7,58.3,0,1,0,1,0.32,3.21,73.74,69.68,4,1,1,0.6,0.3,4.059999999999988,-2.89,-16.599999999999994,1,0,1492.3484143203775,1437.8412605842088,54.507153736168675,2
2019-20,Group Stage,0,2019-10-17,Chelsea,Paris Saint-Germain,0,2,A,9,7,61.3,38.7,2,0,0,1,-0.12,2.06,69.68,66.74,2,0,0,0.3,0.1,2.940000000000012,-2.18,22.599999999999994,2,0,1456.3310147313969,1402.5952184274522,53.73579630394465,2
2019-20,Group Stage,0,2019-10-20,Inter Milan,Juventus,1,2,A,9,8,48.3,51.7,1,3,0,0,1.13,1.9,65.62,83.03,3,1,1,0.2,0.7,-17.409999999999997,-0.77,-3.4000000000000057,1,0,1404.0829571702689,1535.1223067001474,-131.03934952987856,2
2019-20,Group Stage,0,2019-11-07,Benfica,Barcelona,4,1,H,16,11,60.2,39.8,1,2,0,0,3.87,0.73,74.13,90.34,5,1,1,0.2,0.7,-16.210000000000008,3.14,20.400000000000006,5,0,1457.8727996053638,1510.3128954023516,-52.44009579698786,0
2019-20,Group Stage,0,2019-11-07,Ajax,Arsenal,0,3,A,12,9,41.2,58.8,1,1,0,0,-0.53,2.56,70.5,89.97,3,0,1,0.5,0.8,-19.47,-3.09,-17.599999999999994,3,0,1486.706623093608,1550.7914805942733,-64.0848575006653,2
2019-20,Group Stage,0,2019-11-08,Atletico Madrid,Porto,2,0,H,8,11,42.4,57.6,3,3,0,0,1.66,0.4,90.99,70.45,2,0,0,1.0,0.2,20.539999999999992,1.2599999999999998,-15.200000000000003,-3,0,1621.0705494754127,1372.5395850871728,248.5309643882399,0
2019-20,Group Stage,0,2019-11-14,Liverpool,Ajax,1,1,D,10,6,49.5,50.5,1,3,0,1,0.9,0.59,69.68,70.5,2,1,0,0.5,0.3,-0.8199999999999932,0.31000000000000005,-1.0,4,0,1487.0476053020918,1473.6248201816632,13.42278512042867,1
2019-20,Group Stage,0,2019-11-16,Barcelona,Benfica,2,1,H,10,13,62.9,37.1,3,1,0,1,2.39,1.26,90.34,74.13,3,1,1,0.5,0.4,16.210000000000008,1.1300000000000001,25.799999999999997,-3,0,1491.9161127647671,1476.2695822429482,15.646530521818931,0
2019-20,Group Stage,0,2019-11-16,AC Milan,Paris Saint-Germain,2,1,H,16,7,60.5,39.5,0,3,0,0,2.14,0.78,94.1,66.74,3,1,1,0.6,0.3,27.36,1.36,21.0,9,0,1569.1198433818981,1421.0502984802906,148.06954490160751,0
2019-20,Group Stage,0,2019-11-23,Porto,Barcelona,1,3,A,14,13,63.9,36.1,1,3,1,0,0.61,2.64,70.45,90.34,4,1,1,0.0,0.5,-19.89,-2.0300000000000002,27.799999999999997,1,0,1366.363713449924,1507.1960501244953,-140.83233667457125,2
2019-20,Round of 16,1,2020-02-01,Juventus,Ajax,1,2,A,16,12,42.9,57.1,1,0,0,1,0.64,1.88,83.03,70.5,3,1,1,0.8,0.4,12.530000000000001,-1.2399999999999998,-14.200000000000003,4,1,1545.3584680623505,1474.2426549221464,71.11581314020418,2
2019-20,Round of 16,1,2020-02-03,Porto,Inter Milan,4,3,H,11,9,59.9,40.1,1,3,0,0,3.71,3.01,70.45,65.62,7,1,1,0.0,0.1,4.829999999999998,0.7000000000000002,19.799999999999997,2,1,1356.5159636464161,1393.8467958080657,-37.330832161649596,0
2019-20,Quarter-finals,2,2020-02-06,Paris Saint-Germain,Atletico Madrid,1,1,D,12,3,49.5,50.5,2,2,0,0,1.17,1.53,66.74,90.99,2,1,0,0.3,1.0,-24.25,-0.3600000000000001,-1.0,9,2,1411.4842602343713,1627.2464211126614,-215.76216087829016,1
2019-20,Round of 16,1,2020-02-09,Atletico Madrid,Inter Milan,3,2,H,4,5,45.5,54.5,1,2,0,0,3.33,1.77,90.99,65.62,5,1,1,0.9,0.1,25.36999999999999,1.56,-9.0,-1,1,1618.4170893452338,1376.134232792621,242.28285655261266,0
2019-20,Round of 16,1,2020-02-13,Inter Milan,Porto,3,2,H,9,5,50.5,49.5,3,3,1,0,3.31,2.61,65.62,70.45,5,1,1,0.1,0.2,-4.829999999999998,0.7000000000000002,1.0,4,1,1369.7771215996597,1374.2285266618608,-4.451405062201047,0
2019-20,Semi-finals,3,2020-02-17,Porto,Chelsea,2,1,H,13,9,42.9,57.1,1,3,0,0,2.1,1.36,70.45,69.68,3,1,1,0.2,0.3,0.769999999999996,0.74,-14.200000000000003,4,3,1358.0235430990958,1437.8759346785585,-79.85239157946262,0
2019-20,Round of 16,1,2020-02-22,Ajax,Atletico Madrid,5,4,H,3,12,47.9,52.1,3,1,0,0,5.35,4.09,70.5,90.99,9,1,1,0.5,0.9,-20.489999999999995,1.2599999999999998,-4.200000000000003,-9,1,1493.4726751697294,1624.7742005381951,-131.30152536846572,0
2019-20,Round of 16,1,2020-03-03,Chelsea,Porto,2,0,H,14,10,46.0,54.0,1,0,0,0,2.92,-0.2,69.68,70.45,2,0,0,0.3,0.4,-0.769999999999996,3.12,-8.0,4,1,1418.2620066358572,1377.637471141797,40.62453549406018,0
2019-20,Quarter-finals,2,2020-03-04,Porto,Ajax,2,0,H,12,6,48.6,51.4,2,3,0,0,2.19,0.34,70.45,70.5,2,0,0,0.4,0.7,-0.04999999999999716,1.8499999999999999,-2.799999999999997,6,2,1363.4998205919223,1515.2470177632265,-151.74719717130415,0
2019-20,Quarter-finals,2,2020-03-11,Chelsea,Atletico Madrid,2,3,A,11,6,40.7,59.3,2,2,0,0,1.83,2.96,69.68,90.99,5,1,1,0.5,0.7,-21.309999999999988,-1.13,-18.599999999999994,5,2,1432.399657185732,1602.999857944698,-170.60020075896614,2
2019-20,Round of 16,1,2020-03-17,Barcelona,Chelsea,4,1,H,14,10,55.3,44.7,3,2,1,0,4.02,0.7,90.34,69.68,5,1,1,0.6,0.4,20.659999999999997,3.3199999999999994,10.599999999999994,4,1,1517.0437999280032,1423.6801539781359,93.3636459498673,0
2019-20,Final,4,2020-03-19,Porto,Ajax,3,0,H,12,8,45.2,54.8,0,0,0,1,2.58,-0.48,70.45,70.5,3,0,1,0.6,0.5,-0.04999999999999716,3.06,-9.599999999999994,4,4,1386.0751511743517,1492.671687180797,-106.59653600644538,0
2019-20,Quarter-finals,2,2020-04-02,Ajax,Chelsea,3,0,H,18,5,59.0,41.0,2,3,0,1,2.97,-0.14,70.5,69.68,3,0,1,0.5,0.2,0.8199999999999932,3.1100000000000003,18.0,13,2,1471.9111784041143,1411.8791206355297,60.03205776858454,0
2019-20,Round of 16,1,2020-04-09,Paris Saint-Germain,Inter Milan,2,2,D,9,10,49.6,50.4,0,2,0,1,2.05,2.22,66.74,65.62,4,1,1,0.3,0.2,1.1199999999999903,-0.17000000000000037,-0.7999999999999972,-1,1,1420.313592001799,1385.9821051624247,34.33148683937429,1
2019-20,Semi-finals,3,2020-04-26,Ajax,Porto,3,1,H,17,16,59.0,41.0,2,2,0,0,2.57,0.65,70.5,70.45,4,1,1,0.6,0.6,0.04999999999999716,1.92,18.0,1,3,1485.1737875620177,1406.8356599510346,78.33812761098307,0
2020-21,Group Stage,0,2020-09-07,Borussia Dortmund,Napoli,1,1,D,11,7,47.4,52.6,3,1,0,0,1.33,0.92,86.24,77.96,2,1,0,0.6,1.0,8.280000000000001,0.41000000000000003,-5.200000000000003,4,0,1485.1905442005886,1517.4358728782763,-32.24532867768767,1
2020-21,Group Stage,0,2020-09-09,Bayern Munich,Sevilla,3,0,H,7,5,41.3,58.7,0,0,0,0,3.13,0.12,89.12,80.74,3,0,1,0.5,0.4,8.38000000000001,3.01,-17.400000000000006,2,0,1581.3090577874618,1505.4435484507824,75.86550933667945,0
2020-21,Group Stage,0,2020-09-10,Inter Milan,AC Milan,1,2,A,10,8,56.9,43.1,0,1,0,0,1.9,1.84,65.62,94.1,3,1,1,0.3,0.6,-28.47999999999999,0.05999999999999983,13.799999999999997,2,0,1387.558002768427,1578.6858816278175,-191.12787885939042,2
2020-21,Group Stage,0,2020-09-22,Ajax,Real Madrid,2,2,D,11,13,52.8,47.2,1,0,0,0,1.99,1.84,70.5,92.89,4,1,1,0.6,1.0,-22.39,0.1499999999999999,5.599999999999994,-2,0,1497.6261010678509,1576.4263223211444,-78.80022125329356,1
2020-21,Group Stage,0,2020-09-22,Real Madrid,Tottenham,2,1,H,13,15,62.0,38.0,2,0,1,0,2.15,1.46,92.89,71.37,3,1,1,0.9,0.2,21.519999999999996,0.69,24.0,-2,0,1572.8584078331996,1425.6630015628261,147.1954062703735,0
2020-21,Group Stage,0,2020-09-23,Tottenham,Real Madrid,2,1,H,11,8,42.8,57.2,3,0,0,1,1.24,1.09,71.37,92.89,3,1,1,0.2,0.9,-21.519999999999996,0.1499999999999999,-14.400000000000006,3,0,1416.0631830703978,1582.458226325628,-166.39504325523012,0
2020-21,Group Stage,0,2020-09-28,Barcelona,Chelsea,1,0,H,14,12,54.8,45.2,0,2,1,0,0.17,-0.17,90.34,69.68,1,0,0,0.8,0.2,20.659999999999997,0.34,9.599999999999994,2,0,1528.8448332706093,1398.6165114776263,130.22832179298302,0
2020-21,Group Stage,0,2020-10-01,Chelsea,Borussia Dortmund,1,2,A,13,7,58.5,41.5,3,1,1,1,1.62,1.7,69.68,86.24,3,1,1,0.2,0.5,-16.559999999999988,-0.07999999999999985,17.0,6,0,1388.3478205233757,1486.6712475040983,-98.32342698072262,2
2020-21,Group Stage,0,2020-10-07,Benfica,Ajax,3,2,H,8,13,59.3,40.7,2,0,1,1,2.9,2.08,74.13,70.5,5,1,1,0.2,0.5,3.6299999999999955,0.8199999999999998,18.599999999999994,-5,0,1460.98964488322,1501.1940155557957,-40.20437067257558,0
2020-21,Group Stage,0,2020-10-20,Arsenal,Tottenham,1,0,H,10,5,59.0,41.0,2,0,0,0,0.95,0.44,89.97,71.37,1,0,0,0.8,0.4,18.599999999999994,0.51,18.0,5,0,1563.873283506218,1439.189279219674,124.684004286544,0
2020-21,Group Stage,0,2020-10-23,Sevilla,Bayern Munich,0,0,D,10,15,40.9,59.1,1,0,0,0,-0.36,0.01,80.74,89.12,0,0,0,0.4,0.5,-8.38000000000001,-0.37,-18.200000000000003,-5,0,1492.8827956410507,1593.8698105971935,-100.98701495614273,1
2020-21,Group Stage,0,2020-11-02,Juventus,Bayern Munich,1,4,A,11,8,55.8,44.2,2,0,0,1,1.07,4.06,83.03,89.12,5,1,1,0.8,0.5,-6.090000000000003,-2.9899999999999993,11.599999999999994,3,0,1526.1284478147675,1589.3458771862627,-63.2174293714952,2
2020-21,Group Stage,0,2020-11-09,AC Milan,Juventus,3,1,H,13,8,46.8,53.2,2,2,0,0,3.13,0.62,94.1,83.03,4,1,1,0.8,0.6,11.069999999999993,2.51,-6.400000000000006,5,0,1586.6762361691594,1513.0080096756628,73.6682264934966,0
2020-21,Group Stage,0,2020-11-16,Napoli,Inter Milan,3,1,H,13,10,51.4,48.6,3,2,0,0,3.51,1.15,77.96,65.62,4,1,1,0.75,0.3,12.33999999999999,2.36,2.799999999999997,3,0,1515.9551695747666,1379.567648227085,136.3875213476815,0
2020-21,Group Stage,0,2020-11-25,Porto,Bayern Munich,2,3,A,6,6,63.4,36.6,2,0,0,0,2.03,2.78,70.45,89.12,5,1,1,0.6,0.7,-18.67,-0.75,26.799999999999997,0,0,1394.3833464452014,1602.4663153253673,-208.08296888016594,2
2020-21,Group Stage,0,2020-11-25,Manchester City,Juventus,4,3,H,12,8,46.0,54.0,1,3,0,0,4.07,3.03,90.93,83.03,7,1,1,0.8,0.4,7.900000000000006,1.0400000000000005,-8.0,4,0,1581.0801136542934,1500.350613557425,80.72950009686838,0
2020-21,Round of 16,1,2021-02-05,AC Milan,Ajax,5,0,H,6,12,56.4,43.6,1,0,0,0,4.39,0.01,94.1,70.5,5,0,1,0.8,0.5,23.599999999999994,4.38,12.799999999999997,-6,1,1599.3336322873972,1483.3507559398563,115.98287634754092,0
2020-21,Round of 16,1,2021-02-05,Borussia Dortmund,Ajax,2,1,H,14,6,56.7,43.3,2,3,1,0,2.0,1.62,86.24,70.5,3,1,1,0.5,0.5,15.739999999999995,0.3799999999999999,13.400000000000006,8,1,1498.2604134966105,1472.5020200367003,25.758393459910167,0
2020-21,Round of 16,1,2021-02-06,Ajax,Arsenal,0,2,A,8,9,63.9,36.1,2,1,0,1,0.81,2.0,70.5,89.97,2,0,0,0.3,0.8,-19.47,-1.19,27.799999999999997,-1,1,1457.6860692980727,1574.3657988182906,-116.67972952021796,2
2020-21,Quarter-finals,2,2021-02-09,Ajax,Tottenham,2,3,A,12,13,51.6,48.4,0,3,1,0,1.93,3.27,70.5,71.37,5,1,1,0.1,0.3,-0.8700000000000045,-1.34,3.200000000000003,-1,2,1446.8660796669349,1428.6967639076015,18.169315759333358,2
2020-21,Final,4,2021-02-09,Sevilla,Napoli,4,3,H,14,9,57.4,42.6,2,0,0,0,4.34,2.75,80.74,77.96,7,1,1,0.4,0.8333333333333334,2.780000000000001,1.5899999999999999,14.799999999999997,5,4,1497.4067290519815,1525.9781992850462,-28.5714702330647,0
2020-21,Round of 16,1,2021-02-11,Tottenham,Arsenal,4,0,H,14,9,44.4,55.6,1,1,0,0,3.67,0.53,71.37,89.97,4,0,1,0.5,0.8,-18.599999999999994,3.1399999999999997,-11.200000000000003,5,1,1445.5327298870432,1585.1857884494284,-139.65305856238524,0
2020-21,Semi-finals,3,2021-02-16,Sevilla,Juventus,4,0,H,10,7,65.0,35.0,3,2,1,1,4.1,0.63,80.74,83.03,4,0,1,0.4,0.2,-2.2900000000000063,3.4699999999999998,30.0,3,3,1514.719535865445,1488.0028512983677,26.716684567077436,0
2020-21,Round of 16,1,2021-03-09,Sevilla,Juventus,1,0,H,11,5,58.7,41.3,2,3,0,1,1.21,0.02,80.74,83.03,1,0,0,0.6,0.0,-2.2900000000000063,1.19,17.400000000000006,6,1,1529.4916064166653,1473.2307807471475,56.26082566951777,0
2020-21,Round of 16,1,2021-03-24,Napoli,Sevilla,3,2,H,12,8,55.9,44.1,2,2,1,0,2.68,1.5,77.96,80.74,5,1,1,0.625,0.7,-2.780000000000001,1.1800000000000002,11.799999999999997,4,1,1508.6653924715827,1542.923110748858,-34.257718277275444,0
2020-21,Quarter-finals,2,2021-04-04,Juventus,Sevilla,1,0,H,9,11,45.1,54.9,0,0,1,0,0.76,-0.39,83.03,80.74,1,0,0,0.0,0.7,2.2900000000000063,1.15,-9.799999999999997,-2,2,1459.7992764149546,1525.3505774251,-65.55130101014538,0
2020-21,Round of 16,1,2021-04-12,Juventus,Arsenal,1,2,A,11,13,62.4,37.6,3,0,0,1,1.0,2.07,83.03,89.97,3,1,1,0.2,0.6,-6.939999999999998,-1.0699999999999998,24.799999999999997,-2,1,1478.7827086476973,1563.079876790655,-84.29716814295762,2
2020-21,Quarter-finals,2,2021-04-15,Sevilla,Ajax,0,1,A,17,8,54.1,45.9,0,2,1,0,-0.07,1.07,80.74,70.5,1,0,0,0.6,0.0,10.239999999999995,-1.1400000000000001,8.200000000000003,9,2,1506.3671451923574,1430.0301136874932,76.33703150486417,2
2020-21,Quarter-finals,2,2021-04-15,Napoli,Juventus,0,4,A,8,11,48.3,51.7,2,1,1,0,0.0,4.28,77.96,83.03,4,0,1,0.7,0.2,-5.070000000000007,-4.28,-3.4000000000000057,-3,2,1526.2379257953407,1466.5903132606663,59.64761253467441,2
2020-21,Round of 16,1,2021-04-17,Arsenal,Napoli,3,1,H,16,10,46.3,53.7,2,0,0,0,4.4,0.41,89.97,77.96,4,1,1,0.8,0.5,12.010000000000005,3.99,-7.400000000000006,6,1,1575.2722721776859,1507.5177243380879,67.75454783959799,0
2020-21,Semi-finals,3,2021-04-21,Napoli,Juventus,1,0,H,6,10,55.7,44.3,1,0,0,1,1.06,0.2,77.96,83.03,1,0,0,0.4,0.4,-5.070000000000007,0.8600000000000001,11.400000000000006,-4,3,1494.59897508178,1485.3105147179192,9.28846036386085,0
2021-22,Group Stage,0,2021-09-01,Manchester City,Barcelona,2,1,H,9,9,53.8,46.2,0,1,0,0,2.4,0.2,90.93,90.34,3,1,1,0.8,0.8,0.5900000000000034,2.1999999999999997,7.599999999999994,0,0,1593.4278759133508,1539.11352422486,54.31435168849089,0
2021-22,Group Stage,0,2021-09-09,Benfica,Manchester City,2,1,H,12,10,50.9,49.1,2,3,0,0,2.7,1.55,74.13,90.93,3,1,1,0.4,0.8,-16.80000000000001,1.1500000000000001,1.7999999999999972,2,0,1478.8329044991597,1606.9467863799446,-128.1138818807849,0
2021-22,Group Stage,0,2021-09-10,AC Milan,Atletico Madrid,2,0,H,14,6,40.3,59.7,0,0,0,0,2.02,-0.4,94.1,90.99,2,0,0,1.0,0.7,3.1099999999999994,2.42,-19.400000000000006,8,0,1610.1823681905532,1611.7193611522941,-1.536992961740907,0
2021-22,Group Stage,0,2021-09-13,Ajax,Paris Saint-Germain,3,0,H,8,7,52.9,47.1,2,0,0,0,3.42,-0.19,70.5,66.74,3,0,1,0.2,0.4,3.760000000000005,3.61,5.799999999999997,1,0,1449.4900659144269,1418.7376943957966,30.752371518630298,0
2021-22,Group Stage,0,2021-09-13,Paris Saint-Germain,Sevilla,1,3,A,17,7,63.4,36.6,3,1,0,0,0.81,2.29,66.74,80.74,4,1,1,0.4,0.4,-14.0,-1.48,26.799999999999997,10,0,1404.15020661255,1486.9071929654237,-82.75698635287381,2
2021-22,Group Stage,0,2021-09-17,Juventus,RB Leipzig,5,2,H,12,14,41.8,58.2,1,3,0,0,4.46,2.27,83.03,73.74,7,1,1,0.4,0.5,9.290000000000006,2.19,-16.400000000000006,-2,0,1469.738162246752,1473.8586601731895,-4.120497926437565,0
2021-22,Group Stage,0,2021-09-22,Tottenham,Real Madrid,2,3,A,9,10,49.3,50.7,0,0,0,0,1.31,3.11,71.37,92.89,5,1,1,0.6,0.7,-21.519999999999996,-1.7999999999999998,-1.4000000000000057,-1,0,1467.6386415458167,1559.3321301763517,-91.69348863053506,2
2021-22,Group Stage,0,2021-09-27,Borussia Dortmund,AC Milan,2,1,H,10,14,41.7,58.3,2,0,0,0,2.73,0.74,86.24,94.1,3,1,1,0.5,1.0,-7.859999999999999,1.99,-16.599999999999994,-4,0,1513.076364235238,1626.253148870458,-113.17678463521997,0
2021-22,Group Stage,0,2021-10-04,RB Leipzig,Manchester City,0,0,D,15,10,63.7,36.3,1,0,0,0,-0.09,0.11,73.74,90.93,0,0,0,0.3,0.6,-17.190000000000012,-0.2,27.400000000000006,5,0,1457.6689131272842,1585.300541071006,-127.6316279437217,1
2021-22,Group Stage,0,2021-10-06,Inter Milan,Tottenham,1,2,A,9,4,45.4,54.6,0,2,1,0,0.41,1.55,65.62,71.37,3,1,1,0.3,0.6,-5.75,-1.1400000000000001,-9.200000000000003,5,0,1369.5446185168055,1455.7659019266368,-86.22128340983136,2
2021-22,Group Stage,0,2021-10-16,Barcelona,Juventus,2,1,H,12,12,63.5,36.5,1,3,0,0,2.57,1.28,90.34,83.03,3,1,1,0.8,0.6,7.310000000000002,1.2899999999999998,27.0,0,0,1525.5946137582662,1485.9279092926572,39.66670446560897,0
2021-22,Group Stage,0,2021-10-22,Real Madrid,Paris Saint-Germain,3,1,H,8,12,42.9,57.1,0,2,1,0,3.39,1.37,92.89,66.74,4,1,1,0.7,0.2,26.150000000000006,2.02,-14.200000000000003,-4,0,1571.2048697955315,1391.8908298209662,179.31403997456528,0
2021-22,Group Stage,0,2021-10-26,Atletico Madrid,Juventus,4,2,H,11,9,64.4,35.6,1,1,0,0,4.02,2.15,90.99,83.03,6,1,1,0.5,0.4,7.959999999999994,1.8699999999999997,28.800000000000004,2,0,1595.6485804723893,1471.746732745835,123.90184772655425,0
2021-22,Group Stage,0,2021-11-16,Liverpool,Paris Saint-Germain,2,3,A,14,6,60.4,39.6,0,0,0,1,2.0,2.74,69.68,66.74,5,1,1,0.5,0.2,2.940000000000012,-0.7400000000000002,20.799999999999997,8,0,1486.4297705616086,1383.485870291041,102.94390027056761,2
2021-22,Group Stage,0,2021-11-17,Porto,RB Leipzig,4,0,H,13,9,41.9,58.1,0,2,0,0,4.58,0.04,70.45,73.74,4,0,1,0.4,0.2,-3.289999999999992,4.54,-16.200000000000003,4,0,1386.963732912813,1463.2957059798757,-76.33197306706279,0
2021-22,Group Stage,0,2021-11-23,Sevilla,Atletico Madrid,1,1,D,9,8,52.1,47.9,3,1,1,1,1.08,1.03,80.74,90.99,2,1,0,0.4,0.6,-10.25,0.050000000000000044,4.200000000000003,1,0,1499.1665697570074,1606.1728721762634,-107.00630241925592,1
2021-22,Semi-finals,3,2022-02-03,Liverpool,Atletico Madrid,1,7,A,8,6,64.0,36.0,2,2,0,0,0.92,6.99,69.68,90.99,8,1,1,0.5,0.5,-21.309999999999988,-6.07,28.0,2,3,1465.823056451893,1601.395169509372,-135.57211305747887,2
2021-22,Round of 16,1,2022-02-07,Borussia Dortmund,Liverpool,2,1,H,9,8,57.3,42.7,2,0,0,0,1.95,1.07,86.24,69.68,3,1,1,0.7,0.3,16.559999999999988,0.8799999999999999,14.599999999999994,1,1,1534.1114983553962,1455.767687650877,78.34381070451923,0
2021-22,Round of 16,1,2022-02-08,Sevilla,Atletico Madrid,2,2,D,9,9,49.7,50.3,3,1,0,1,1.89,2.38,80.74,90.99,4,1,1,0.3,0.7,-10.25,-0.49,-0.5999999999999943,0,1,1503.9442724238988,1611.450538310388,-107.50626588648925,1
2021-22,Quarter-finals,2,2022-02-08,Borussia Dortmund,Sevilla,2,0,H,15,11,59.5,40.5,2,2,0,1,2.1,-0.22,86.24,80.74,2,0,0,0.9,0.4,5.5,2.3200000000000003,19.0,4,2,1546.5635630131121,1508.742937269229,37.820625743883056,0
2021-22,Round of 16,1,2022-02-19,Atletico Madrid,Manchester City,0,4,A,13,11,58.3,41.7,0,3,1,0,0.43,3.96,90.99,90.93,4,0,1,0.6,0.6,0.05999999999998806,-3.53,16.599999999999994,2,1,1606.6518734650579,1579.6737482184144,26.978125246643458,2
2021-22,Round of 16,1,2022-02-22,Juventus,Barcelona,4,3,H,13,11,57.0,43.0,3,2,0,0,3.75,2.58,83.03,90.34,7,1,1,0.4,0.8,-7.310000000000002,1.17,14.0,2,1,1461.222441041961,1539.7757903050883,-78.5533492631273,0
2021-22,Round of 16,1,2022-02-26,RB Leipzig,Barcelona,0,1,A,11,16,40.1,59.9,3,1,0,1,-0.29,1.03,73.74,90.34,1,0,0,0.2,0.6,-16.60000000000001,-1.32,-19.799999999999997,-5,1,1443.8359758099386,1520.2186810670044,-76.38270525706571,2
2021-22,Round of 16,1,2022-02-26,Barcelona,Juventus,2,2,D,13,7,55.5,44.5,0,2,0,1,2.06,1.95,90.34,83.03,4,1,1,0.6,0.4,7.310000000000002,0.1100000000000001,11.0,6,1,1532.7567239017217,1480.779550280045,51.977173621676684,1
2021-22,Quarter-finals,2,2022-03-02,Atletico Madrid,Liverpool,4,3,H,10,14,45.0,55.0,3,3,0,0,4.76,2.71,90.99,69.68,7,1,1,0.6,0.1,21.309999999999988,2.05,-10.0,-4,2,1589.4119758344466,1443.315622993161,146.09635284128558,0
2021-22,Round of 16,1,2022-03-07,Liverpool,RB Leipzig,1,0,H,11,11,48.9,51.1,3,2,1,0,1.97,0.17,69.68,73.74,1,0,0,0.1,0.1,-4.059999999999988,1.8,-2.200000000000003,0,1,1433.673236081442,1431.2979329752213,2.375303106220599,0
2021-22,Semi-finals,3,2022-03-11,Juventus,Borussia Dortmund,3,2,H,14,10,54.7,45.3,0,3,0,0,2.86,2.63,83.03,86.24,5,1,1,0.5,1.0,-3.2099999999999937,0.22999999999999998,9.400000000000006,4,3,1483.155488793435,1560.8287059599556,-77.67321716652054,0
2021-22,Quarter-finals,2,2022-03-13,Juventus,Sevilla,6,1,H,11,11,53.7,46.3,0,2,0,0,5.67,1.29,83.03,80.74,7,1,1,0.5,0.4,2.2900000000000063,4.38,7.400000000000006,0,2,1502.6740481315485,1494.4777943223855,8.196253809162954,0
2021-22,Final,4,2022-04-22,Liverpool,Juventus,4,0,H,15,11,57.9,42.1,0,1,0,1,4.78,-0.2,69.68,83.03,4,0,1,0.2,0.7,-13.349999999999994,4.98,15.799999999999997,4,4,1449.5638510351841,1518.296666699165,-68.73281566398077,0
2021-22,Quarter-finals,2,2022-04-25,Liverpool,Juventus,1,1,D,13,11,53.5,46.5,1,1,1,0,1.66,0.74,69.68,83.03,2,1,0,0.4,0.7,-13.349999999999994,0.9199999999999999,7.0,2,2,1468.6884582794387,1499.1720594549101,-30.48360117547145,1
2021-22,Round of 16,1,2022-04-26,Manchester City,Atletico Madrid,1,3,A,9,9,58.2,41.8,3,2,0,0,0.42,2.44,90.93,90.99,4,1,1,0.7,0.6,-0.05999999999998806,-2.02,16.400000000000006,0,1,1596.9136458490257,1599.0543627461657,-2.1407168971400097,2
2022-23,Group Stage,0,2022-09-04,Ajax,Tottenham,1,0,H,13,6,45.5,54.5,3,3,0,0,0.43,-0.52,70.5,71.37,1,0,0,0.4,0.6,-0.8700000000000045,0.95,-9.0,7,0,1464.0775536976735,1467.874817517737,-3.797263820063563,0
2022-23,Group Stage,0,2022-09-05,Borussia Dortmund,Manchester City,1,1,D,15,8,46.3,53.7,1,2,1,0,1.5,0.65,86.24,90.93,2,1,0,0.8,0.5,-4.690000000000012,0.85,-7.400000000000006,7,0,1541.3101466218423,1581.0122282578209,-39.70208163597863,1
2022-23,Group Stage,0,2022-09-08,Real Madrid,Benfica,3,0,H,10,6,53.7,46.3,3,3,0,0,3.07,-0.42,92.89,74.13,3,0,1,0.7,0.6,18.760000000000005,3.4899999999999998,7.400000000000006,4,0,1579.6098293254568,1500.4791498080983,79.13067951735843,0
2022-23,Group Stage,0,2022-09-17,Chelsea,Juventus,0,1,A,19,16,54.7,45.3,3,0,0,0,-0.23,1.05,69.68,83.03,1,0,0,0.0,0.6,-13.349999999999994,-1.28,9.400000000000006,3,0,1376.7586545308636,1497.7718289407967,-121.01317440993307,2
2022-23,Group Stage,0,2022-09-17,Benfica,Barcelona,2,3,A,13,11,64.0,36.0,2,3,1,0,1.56,2.87,74.13,90.34,5,1,1,0.6,0.5,-16.210000000000008,-1.31,28.0,2,0,1488.0615226426737,1530.3807853883316,-42.31926274565785,2
2022-23,Group Stage,0,2022-09-19,Juventus,Benfica,2,1,H,12,5,61.4,38.6,3,2,1,0,1.43,0.58,83.03,74.13,3,1,1,0.7,0.4,8.900000000000006,0.85,22.799999999999997,7,0,1508.4139007647454,1474.0008154989166,34.41308526582884,0
2022-23,Group Stage,0,2022-09-25,Atletico Madrid,Bayern Munich,3,1,H,11,6,41.4,58.6,3,1,1,1,3.49,-0.01,90.99,89.12,4,1,1,0.7,0.7,1.8699999999999903,3.5,-17.200000000000003,5,0,1614.9557803373705,1609.8859288577557,5.0698514796147265,0
2022-23,Group Stage,0,2022-09-25,Bayern Munich,Atletico Madrid,3,2,H,11,10,57.5,42.5,2,0,1,0,3.02,2.54,89.12,90.99,5,1,1,0.7,0.7,-1.8699999999999903,0.48,15.0,1,0,1594.1193875764907,1630.7223216186355,-36.60293404214485,0
2022-23,Group Stage,0,2022-10-11,RB Leipzig,Real Madrid,1,2,A,16,12,41.7,58.3,1,1,0,1,0.44,2.25,73.74,92.89,3,1,1,0.1,0.8,-19.150000000000006,-1.81,-16.599999999999994,4,0,1415.407318021479,1592.0274564908814,-176.62013846940226,2
2022-23,Group Stage,0,2022-10-16,Tottenham,Porto,2,0,H,9,11,54.3,45.7,3,0,0,0,1.76,-0.22,71.37,70.45,2,0,0,0.6,0.6,0.9200000000000017,1.98,8.599999999999994,-2,0,1451.6999540189472,1406.42346308275,45.276490936197206,0
2022-23,Group Stage,0,2022-10-18,Arsenal,Manchester City,1,0,H,12,11,63.1,36.9,2,2,0,0,1.35,0.61,89.97,90.93,1,0,0,0.8,0.4,-0.960000000000008,0.7400000000000001,26.200000000000003,1,0,1588.1910214339937,1579.1917966971619,8.99922473683182,0
2022-23,Group Stage,0,2022-10-19,Paris Saint-Germain,Manchester City,0,0,D,6,8,48.3,51.7,1,2,1,0,0.48,0.68,66.74,90.93,0,0,0,0.3,0.4,-24.190000000000012,-0.20000000000000007,-3.4000000000000057,-2,0,1404.0925844007566,1563.6061336554894,-159.51354925473288,1
2022-23,Group Stage,0,2022-10-23,Manchester City,Ajax,2,1,H,14,14,43.9,56.1,3,1,0,1,1.57,0.55,90.93,70.5,3,1,1,0.4,0.6,20.430000000000007,1.02,-12.200000000000003,0,0,1556.736306648645,1480.2524171964633,76.48388945218176,0
2022-23,Group Stage,0,2022-11-12,Napoli,Juventus,2,2,D,11,8,45.9,54.1,2,3,0,0,2.1,1.64,77.96,83.03,4,1,1,0.4,0.7,-5.070000000000007,0.4600000000000002,-8.200000000000003,3,0,1510.1713275529473,1522.8342819523411,-12.662954399393811,1
2022-23,Group Stage,0,2022-11-20,Porto,Paris Saint-Germain,4,0,H,10,6,52.8,47.2,3,2,0,1,4.2,1.57,70.45,66.74,4,0,1,0.4,0.3,3.710000000000008,2.63,5.599999999999994,4,0,1392.4967991280846,1410.962411407601,-18.465612279516336,0
2022-23,Group Stage,0,2022-11-21,Barcelona,Bayern Munich,5,0,H,14,6,55.1,44.9,0,3,0,0,4.82,0.13,90.34,89.12,5,0,1,0.7,0.7,1.2199999999999989,4.69,10.200000000000003,8,0,1544.4414925320887,1611.7988062945894,-67.35731376250078,0
2022-23,Round of 16,1,2023-02-03,Barcelona,Bayern Munich,3,2,H,11,5,56.5,43.5,1,3,1,1,3.35,2.07,90.34,89.12,5,1,1,0.7,0.6,1.2199999999999989,1.2800000000000002,13.0,6,1,1563.5051245308248,1592.7351742958533,-29.230049765028525,0
2022-23,Round of 16,1,2023-02-08,Manchester City,Barcelona,7,0,H,11,10,54.4,45.6,2,0,1,0,7.06,-0.27,90.93,90.34,7,0,1,0.4,0.9,0.5900000000000034,7.33,8.799999999999997,1,1,1569.2699082122626,1580.848051150806,-11.578142938543351,0
2022-23,Semi-finals,3,2023-02-10,RB Leipzig,Barcelona,2,4,A,6,6,62.9,37.1,3,1,0,0,2.94,2.93,73.74,90.34,6,1,1,0.1,0.7,-16.60000000000001,0.009999999999999787,25.799999999999997,0,3,1406.9059008899449,1564.3150552516588,-157.40915436171395,2
2022-23,Final,4,2023-02-20,Benfica,Barcelona,3,3,D,8,13,45.8,54.2,2,0,1,0,2.9,3.51,74.13,90.34,6,1,1,0.4,0.8,-16.210000000000008,-0.6099999999999999,-8.400000000000006,-5,4,1459.580434311321,1573.524478456388,-113.94404414506698,1
2022-23,Round of 16,1,2023-02-22,Atletico Madrid,RB Leipzig,2,2,D,14,7,61.4,38.6,1,3,1,0,1.58,1.57,90.99,73.74,4,1,1,0.6,0.0,17.25,0.010000000000000009,22.799999999999997,7,1,1613.0429029005368,1397.6964776852158,215.346425215321,1
2022-23,Quarter-finals,2,2023-03-03,Atletico Madrid,Benfica,3,0,H,13,4,40.7,59.3,3,1,1,0,3.04,-0.61,90.99,74.13,3,0,1,0.7,0.3,16.86,3.65,-18.599999999999994,9,2,1604.2268951237597,1464.6473806671343,139.57951445662547,0
2022-23,Round of 16,1,2023-03-08,Real Madrid,Atletico Madrid,4,1,H,16,8,40.8,59.2,1,0,1,0,4.01,0.81,92.89,90.99,5,1,1,0.8,0.7,1.9000000000000057,3.1999999999999997,-18.400000000000006,8,1,1600.5288736224156,1614.1238772941012,-13.595003671685618,0
2022-23,Semi-finals,3,2023-03-10,Benfica,Barcelona,1,1,D,14,8,41.3,58.7,3,2,0,0,0.54,0.61,74.13,90.34,2,1,0,0.1,0.7,-16.210000000000008,-0.06999999999999995,-17.400000000000006,6,3,1454.7503984967927,1568.4575321005746,-113.70713360378181,1
2022-23,Round of 16,1,2023-03-13,Bayern Munich,Ajax,3,2,H,8,5,60.1,39.9,0,1,0,0,2.97,1.66,89.12,70.5,5,1,1,0.4,0.6,18.620000000000005,1.3100000000000003,20.200000000000003,3,1,1575.392247675872,1467.7188156328457,107.67343204302642,0
2022-23,Round of 16,1,2023-03-17,Ajax,Benfica,1,4,A,12,10,43.4,56.6,2,1,0,0,0.28,4.55,70.5,74.13,5,1,1,0.6,0.2,-3.6299999999999955,-4.27,-13.200000000000003,2,1,1456.52448529247,1459.807526765123,-3.2830414726529398,2
2022-23,Round of 16,1,2023-03-19,Benfica,Real Madrid,2,2,D,14,9,48.5,51.5,0,3,0,1,1.18,2.23,74.13,92.89,4,1,1,0.4,1.0,-18.760000000000005,-1.05,-3.0,5,1,1475.6563416177914,1617.154627342259,-141.49828572446745,1
2022-23,Quarter-finals,2,2023-04-05,Benfica,Barcelona,2,3,A,9,8,40.4,59.6,0,1,0,0,2.73,2.43,74.13,90.34,5,1,1,0.5,0.6,-16.210000000000008,0.2999999999999998,-19.200000000000003,1,2,1481.8347062760006,1563.4004038322444,-81.56569755624378,2
2022-23,Round of 16,1,2023-04-09,RB Leipzig,Barcelona,0,0,D,14,8,42.2,57.8,3,3,0,0,-0.56,-0.09,73.74,90.34,0,0,0,0.1,0.6,-16.60000000000001,-0.4700000000000001,-15.599999999999994,6,1,1406.5124854619928,1575.7116843578879,-169.19919889589505,1
2022-23,Quarter-finals,2,2023-04-11,RB Leipzig,Barcelona,0,0,D,12,10,54.1,45.9,1,1,0,0,-0.39,-0.08,73.74,90.34,0,0,0,0.2,0.7,-16.60000000000001,-0.31,8.200000000000003,2,2,1413.7417287381834,1568.4824410816973,-154.7407123435139,1
2022-23,Quarter-finals,2,2023-04-18,Barcelona,Atletico Madrid,0,0,D,14,3,50.1,49.9,3,3,1,1,-0.62,0.55,90.34,90.99,0,0,0,0.6,0.5,-0.6499999999999915,-1.17,0.20000000000000284,11,2,1561.7929432144463,1597.498123574258,-35.70518035981172,1
2023-24,Group Stage,0,2023-09-02,Real Madrid,Napoli,0,0,D,9,13,52.0,48.0,1,3,1,0,-0.13,-0.01,92.89,77.96,0,0,0,0.9,0.5,14.930000000000007,-0.12000000000000001,4.0,-4,0,1610.9762626840497,1510.7542200760429,100.22204260800686,1
2023-24,Group Stage,0,2023-09-20,Atletico Madrid,Bayern Munich,3,0,H,11,7,48.4,51.6,3,0,0,0,3.27,-0.31,90.99,89.12,3,0,1,0.4,0.4,1.8699999999999903,3.58,-3.200000000000003,4,0,1595.859603450434,1586.5865780162478,9.273025434186138,0
2023-24,Group Stage,0,2023-09-22,Porto,Barcelona,1,1,D,14,11,56.8,43.2,3,1,0,0,1.19,0.72,70.45,90.34,2,1,0,0.4,0.6,-19.89,0.47,13.599999999999994,3,0,1409.3463722083795,1563.4314633382703,-154.08509112989077,1
2023-24,Group Stage,0,2023-09-22,Barcelona,RB Leipzig,1,0,H,14,9,48.1,51.9,3,0,0,0,1.3,-0.5,90.34,73.74,1,0,0,0.6,0.3,16.60000000000001,1.8,-3.799999999999997,5,0,1556.7668998733789,1420.4312266054344,136.33567326794446,0
2023-24,Group Stage,0,2023-09-27,Manchester City,Barcelona,1,1,D,10,8,61.7,38.3,3,0,0,0,0.24,1.53,90.93,90.34,2,1,0,0.6,0.6,0.5900000000000034,-1.29,23.400000000000006,2,0,1585.8029041114098,1566.7919841938694,19.010919917540377,1
2023-24,Group Stage,0,2023-10-02,Paris Saint-Germain,Atletico Madrid,1,4,A,13,13,44.1,55.9,2,3,0,0,1.49,4.07,66.74,90.99,5,1,1,0.3,0.6,-24.25,-2.58,-11.799999999999997,0,0,1394.112838327306,1611.4326662194358,-217.31982789212975,2
2023-24,Group Stage,0,2023-10-02,RB Leipzig,Real Madrid,2,1,H,15,7,52.7,47.3,2,2,0,0,1.85,1.6,73.74,92.89,3,1,1,0.3,0.8,-19.150000000000006,0.25,5.400000000000006,8,0,1410.4061422849438,1606.4847613574184,-196.07861907247457,0
2023-24,Group Stage,0,2023-10-10,Napoli,Manchester City,2,2,D,12,11,60.6,39.4,2,0,1,0,2.27,1.71,77.96,90.93,4,1,1,0.4,0.6,-12.970000000000013,0.56,21.200000000000003,1,0,1515.2457214026742,1584.9282915961992,-69.68257019352495,1
2023-24,Group Stage,0,2023-10-16,Bayern Munich,Manchester City,1,1,D,11,8,42.4,57.6,2,2,0,0,1.57,0.0,89.12,90.93,2,1,0,0.4,0.7,-1.8100000000000023,1.57,-15.200000000000003,3,0,1571.013515247246,1581.761637136573,-10.748121889326967,1
2023-24,Group Stage,0,2023-11-04,Benfica,Tottenham,2,2,D,7,10,45.2,54.8,0,2,0,1,2.67,2.14,74.13,71.37,4,1,1,0.4,0.6,2.759999999999991,0.5299999999999998,-9.599999999999994,-3,0,1469.523425750357,1465.6266179736126,3.896807776744481,1
2023-24,Group Stage,0,2023-11-04,Sevilla,Manchester City,1,1,D,11,8,57.4,42.6,0,2,0,0,1.21,0.87,80.74,90.93,2,1,0,0.4,0.7,-10.190000000000012,0.33999999999999997,14.799999999999997,3,0,1478.855175754769,1581.2668256682439,-102.41164991347478,1
2023-24,Group Stage,0,2023-11-08,AC Milan,Tottenham,2,1,H,9,13,56.6,43.4,1,0,0,0,1.7,1.11,94.1,71.37,3,1,1,0.8,0.5,22.72999999999999,0.5899999999999999,13.200000000000003,-4,0,1605.2180147503,1465.8060650789955,139.41194967130446,0
2023-24,Group Stage,0,2023-11-09,Liverpool,Sevilla,1,1,D,11,8,50.5,49.5,0,1,0,0,0.92,0.7,69.68,80.74,2,1,0,0.5,0.3,-11.059999999999988,0.22000000000000008,1.0,3,0,1470.0886887935521,1483.4394008367178,-13.350712043165686,1
2023-24,Group Stage,0,2023-11-14,Chelsea,Real Madrid,1,2,A,11,10,41.5,58.5,2,2,0,0,0.78,2.15,69.68,92.89,3,1,1,0.0,0.6,-23.209999999999994,-1.3699999999999999,-17.0,1,0,1366.1165827069149,1582.30548243771,-216.18889973079513,2
2023-24,Group Stage,0,2023-11-22,Juventus,Real Madrid,1,0,H,8,10,42.3,57.7,3,3,0,0,1.53,0.09,83.03,92.89,1,0,0,0.6,0.6,-9.86,1.44,-15.400000000000006,-2,0,1522.2513894292456,1589.4624923250587,-67.21110289581316,0
2023-24,Group Stage,0,2023-11-23,Tottenham,Barcelona,0,1,A,17,10,62.5,37.5,0,3,0,0,0.15,1.06,71.37,90.34,1,0,0,0.5,0.6,-18.97,-0.91,25.0,7,0,1455.9024877886295,1567.66659670908,-111.76410892045055,2
2023-24,Round of 16,1,2024-02-03,Porto,Liverpool,2,0,H,8,8,58.4,41.6,2,1,0,1,2.87,0.48,70.45,69.68,2,0,0,0.5,0.6,0.769999999999996,2.39,16.799999999999997,0,1,1416.010935673271,1470.7032093687371,-54.692273695466156,0
2023-24,Round of 16,1,2024-02-04,RB Leipzig,Benfica,2,1,H,15,10,49.3,50.7,0,0,0,1,1.87,0.21,73.74,74.13,3,1,1,0.5,0.5,-0.39000000000000057,1.6600000000000001,-1.4000000000000057,5,1,1434.5854212046522,1469.3439786449742,-34.758557440321965,0
2023-24,Quarter-finals,2,2024-02-10,Liverpool,Chelsea,4,1,H,13,7,41.0,59.0,1,2,0,0,4.27,1.05,69.68,69.68,5,1,1,0.6,0.0,0.0,3.2199999999999998,-18.0,6,2,1452.205137252382,1358.9595728195661,93.24556443281585,0
2023-24,Semi-finals,3,2024-02-10,Manchester City,Atletico Madrid,2,1,H,12,13,64.0,36.0,0,2,0,0,2.84,1.24,90.93,90.99,3,1,1,0.6,0.7,-0.05999999999998806,1.5999999999999999,28.0,-1,3,1576.6826005862952,1618.5535688844016,-41.87096829810639,0
2023-24,Round of 16,1,2024-02-20,Liverpool,Atletico Madrid,0,2,A,15,9,54.8,45.2,3,2,0,0,0.34,2.48,69.68,90.99,2,0,0,0.6,0.5,-21.309999999999988,-2.14,9.599999999999994,6,1,1464.011234383438,1600.6346206323788,-136.62338624894073,2
2023-24,Quarter-finals,2,2024-02-27,Atletico Madrid,Liverpool,1,0,H,11,10,50.4,49.6,2,2,0,0,1.2,0.23,90.99,69.68,1,0,0,0.7,0.4,21.309999999999988,0.97,0.7999999999999972,1,2,1610.6483064963431,1453.9975485194736,156.6507579768695,0
2023-24,Round of 16,1,2024-03-04,Atletico Madrid,Benfica,5,1,H,13,7,53.9,46.1,2,2,0,0,4.59,1.49,90.99,74.13,6,1,1,0.8,0.4,16.86,3.0999999999999996,7.799999999999997,6,1,1619.886390715412,1451.748606871051,168.13778384436114,0
2023-24,Round of 16,1,2024-03-10,Sevilla,Benfica,1,2,A,5,7,51.4,48.6,0,1,0,0,0.88,1.86,80.74,74.13,3,1,1,0.3,0.2,6.609999999999999,-0.9800000000000001,2.799999999999997,-2,1,1482.8248802615328,1442.9388952897064,39.885984971826474,2
2023-24,Quarter-finals,2,2024-03-10,Chelsea,Manchester City,1,1,D,13,11,54.7,45.3,0,1,0,1,1.51,1.09,69.68,90.93,2,1,0,0.0,0.6,-21.25,0.41999999999999993,9.400000000000006,2,2,1347.15347568851,1594.6015488383177,-247.44807314980767,1
2023-24,Quarter-finals,2,2024-03-12,Manchester City,Liverpool,4,0,H,6,12,55.3,44.7,2,0,1,0,3.91,-0.11,90.93,69.68,4,0,1,0.6,0.3,21.25,4.0200000000000005,10.599999999999994,-6,2,1584.8085480305333,1444.7594643004047,140.0490837301286,0
2023-24,Round of 16,1,2024-03-14,Chelsea,RB Leipzig,1,1,D,15,16,45.8,54.2,1,1,0,0,1.0,0.76,69.68,73.74,2,1,0,0.1,0.6,-4.059999999999988,0.24,-8.400000000000006,-1,1,1356.9464764962945,1452.1807929785755,-95.23431648228097,1
2023-24,Round of 16,1,2024-03-20,Benfica,Chelsea,2,3,A,6,12,60.4,39.6,0,2,0,1,1.61,3.0,74.13,69.68,5,1,1,0.3,0.2,4.449999999999989,-1.39,20.799999999999997,-6,1,1460.7676857740787,1361.2255435737316,99.54214220034714,2
2023-24,Semi-finals,3,2024-04-04,Liverpool,Chelsea,2,0,H,9,12,55.0,45.0,3,2,0,0,1.67,-0.25,69.68,69.68,2,0,0,0.2,0.4,0.0,1.92,10.0,-3,3,1434.8809508015117,1381.688185881765,53.19276491974665,0
2023-24,Final,4,2024-04-25,Liverpool,Manchester City,1,5,A,12,8,58.2,41.8,0,1,0,0,0.89,4.8,69.68,90.93,6,1,1,0.4,0.7,-21.25,-3.9099999999999997,16.400000000000006,4,4,1448.4502953137496,1594.6870615294263,-146.23676621567665,2
2023-24,Round of 16,1,2024-04-26,Manchester City,Liverpool,3,2,H,11,4,59.9,40.1,2,2,1,1,3.5,3.07,90.93,69.68,5,1,1,0.8,0.2,21.25,0.43000000000000016,19.799999999999997,7,1,1604.3240039859786,1438.8133528571973,165.51065112878132,0
2024-25,Group Stage,0,2024-09-01,Benfica,Liverpool,5,0,H,15,8,64.8,35.2,0,1,0,0,4.8,0.24,74.13,69.68,5,0,1,0.3,0.2,4.449999999999989,4.56,29.599999999999994,7,0,1440.3050434660452,1429.906763190077,10.39828027596809,0
2024-25,Group Stage,0,2024-09-09,Borussia Dortmund,Benfica,1,0,H,18,13,50.7,49.3,3,0,1,0,0.4,0.04,86.24,74.13,1,0,0,0.7,0.4,12.11,0.36000000000000004,1.4000000000000057,5,0,1543.1305781825013,1455.826327886807,87.30425029569437,0
2024-25,Group Stage,0,2024-09-26,Arsenal,Benfica,1,0,H,11,4,41.1,58.9,2,1,0,0,0.78,0.61,89.97,74.13,1,0,0,0.8,0.4,15.840000000000003,0.17000000000000004,-17.799999999999997,7,0,1603.7766844756661,1443.7642994759747,160.01238499969145,0
2024-25,Group Stage,0,2024-10-06,Liverpool,Bayern Munich,0,1,A,17,5,52.8,47.2,0,1,0,0,-0.74,0.99,69.68,89.12,1,0,0,0.2,0.3,-19.439999999999998,-1.73,5.599999999999994,12,0,1414.3854787693153,1571.508326715575,-157.12284794625975,2
2024-25,Group Stage,0,2024-10-13,Inter Milan,Arsenal,0,1,A,10,12,58.3,41.7,0,2,1,0,-0.22,1.83,65.62,89.97,1,0,0,0.3,0.8,-24.349999999999994,-2.0500000000000003,16.599999999999994,-2,0,1357.4357029257053,1612.8881318047772,-255.45242887907193,2
2024-25,Group Stage,0,2024-10-19,Chelsea,Arsenal,1,1,D,6,12,55.7,44.3,2,2,0,1,0.59,0.66,69.68,89.97,2,1,0,0.4,1.0,-20.289999999999992,-0.07000000000000006,11.400000000000006,-6,0,1368.1188413695272,1618.8678523060357,-250.7490109365085,1
2024-25,Group Stage,0,2024-10-19,AC Milan,Benfica,4,3,H,18,10,52.8,47.2,2,1,0,1,4.15,3.12,94.1,74.13,7,1,1,0.8,0.4,19.97,1.0300000000000002,5.599999999999994,8,0,1615.121592040666,1434.6528521468636,180.46873989380242,0
2024-25,Group Stage,0,2024-10-23,Sevilla,Borussia Dortmund,0,1,A,14,9,43.8,56.2,2,1,1,1,-0.03,1.19,80.74,86.24,1,0,0,0.2,0.7,-5.5,-1.22,-12.400000000000006,5,0,1464.9960897771605,1555.1926065933335,-90.19651681617302,2
2024-25,Group Stage,0,2024-11-01,Paris Saint-Germain,AC Milan,0,0,D,12,6,41.5,58.5,2,1,1,0,-0.36,-0.13,66.74,94.1,0,0,0,0.3,0.8,-27.36,-0.22999999999999998,-17.0,6,0,1386.9919356623402,1623.4854228693662,-236.49348720702596,1
2024-25,Group Stage,0,2024-11-07,Barcelona,Ajax,2,0,H,12,13,56.9,43.1,1,3,1,0,1.69,0.43,90.34,70.5,2,0,0,0.7,0.4,19.840000000000003,1.26,13.799999999999997,-1,0,1578.6901507458745,1440.6756704398015,138.01448030607298,0
2024-25,Group Stage,0,2024-11-09,Manchester City,Barcelona,4,3,H,12,8,55.6,44.4,2,1,0,1,3.98,2.98,90.93,90.34,7,1,1,0.9,0.8,0.5900000000000034,1.0,11.200000000000003,4,0,1613.2305936530988,1588.6488247677264,24.581768885372412,0
2024-25,Group Stage,0,2024-11-10,Real Madrid,RB Leipzig,1,1,D,11,11,48.5,51.5,0,3,0,0,0.88,0.82,92.89,73.74,2,1,0,0.4,0.6,19.150000000000006,0.06000000000000005,-3.0,0,0,1570.405347243434,1447.9017259011384,122.50362134229567,1
2024-25,Group Stage,0,2024-11-15,Tottenham,Manchester City,1,2,A,10,6,56.7,43.3,2,2,0,1,1.46,1.31,71.37,90.93,3,1,1,0.3,0.9,-19.560000000000002,0.1499999999999999,13.400000000000006,4,0,1444.8789337518351,1628.1004465138033,-183.22151276196814,2
2024-25,Group Stage,0,2024-11-16,Bayern Munich,Ajax,4,0,H,11,12,54.1,45.9,1,2,0,0,3.61,0.4,89.12,70.5,4,0,1,0.5,0.2,18.620000000000005,3.21,8.200000000000003,-1,0,1580.728563671271,1430.7169964179495,150.01156725332157,0
2024-25,Group Stage,0,2024-11-17,Ajax,Sevilla,1,2,A,9,16,60.7,39.3,3,2,1,0,1.49,2.42,70.5,80.74,3,1,1,0.0,0.2,-10.239999999999995,-0.9299999999999999,21.400000000000006,-7,0,1421.2257610745805,1453.058928007836,-31.83316693325537,2
2024-25,Group Stage,0,2024-11-25,RB Leipzig,Paris Saint-Germain,1,0,H,8,14,40.2,59.8,1,2,0,1,1.19,0.18,73.74,66.74,1,0,0,0.6,0.4,7.0,1.01,-19.599999999999994,-6,0,1453.32050700076,1396.4633471816142,56.85715981914586,0
2024-25,Quarter-finals,2,2025-02-01,Inter Milan,Tottenham,1,0,H,10,10,55.9,44.1,2,0,1,0,1.07,0.52,65.62,71.37,1,0,0,0.1,0.3,-5.75,0.55,11.799999999999997,0,2,1351.4559824244468,1436.6126266375927,-85.15664421314591,0
2024-25,Round of 16,1,2025-02-05,Arsenal,Inter Milan,2,1,H,14,4,64.9,35.1,0,0,1,1,1.82,0.94,89.97,65.62,3,1,1,0.9,0.2,24.349999999999994,0.8800000000000001,29.800000000000004,10,1,1608.980337645642,1371.300903805802,237.67943383984016,0
2024-25,Round of 16,1,2025-02-10,Liverpool,Inter Milan,4,3,H,12,10,50.8,49.2,3,3,1,0,3.51,2.4,69.68,65.62,7,1,1,0.2,0.2,4.060000000000002,1.1099999999999999,1.5999999999999943,2,1,1405.1652418136193,1364.8077203437945,40.35752146982486,0
2024-25,Round of 16,1,2025-02-10,Paris Saint-Germain,Benfica,0,1,A,9,12,55.6,44.4,3,1,0,0,0.35,1.45,66.74,74.13,1,0,0,0.2,0.2,-7.390000000000001,-1.1,11.200000000000003,-3,1,1383.0585899495834,1426.2890213181633,-43.23043136857996,2
2024-25,Final,4,2025-02-14,Benfica,Tottenham,3,0,H,9,6,56.1,43.9,3,3,0,1,3.44,-0.19,74.13,71.37,3,0,1,0.4,0.1,2.759999999999991,3.63,12.200000000000003,3,4,1440.3083972694558,1416.7677052562376,23.540692013218177,0
2024-25,Round of 16,1,2025-02-16,Tottenham,Borussia Dortmund,1,0,H,4,5,61.7,38.3,1,0,1,0,1.5,-0.14,71.37,86.24,1,0,0,0.0,0.7,-14.86999999999999,1.6400000000000001,23.400000000000006,-1,1,1401.8501382763184,1567.129768362658,-165.2796300863397,0
2024-25,Quarter-finals,2,2025-02-16,Benfica,Arsenal,0,0,D,10,6,51.0,49.0,2,3,0,0,0.11,0.68,74.13,89.97,0,0,0,0.4,0.9,-15.840000000000003,-0.5700000000000001,2.0,4,2,1455.225964249375,1615.4735211076495,-160.2475568582745,1
2024-25,Round of 16,1,2025-02-23,Inter Milan,Paris Saint-Germain,2,0,H,13,10,49.2,50.8,3,1,0,0,0.91,0.38,65.62,66.74,2,0,0,0.2,0.1,-1.1199999999999903,0.53,-1.5999999999999943,3,1,1350.657938855976,1369.039213998291,-18.381275142314962,0
2024-25,Semi-finals,3,2025-03-07,Inter Milan,Tottenham,2,2,D,16,2,58.6,41.4,1,3,0,0,2.76,2.27,65.62,71.37,4,1,1,0.4,0.2,-5.75,0.48999999999999977,17.200000000000003,14,3,1367.5036389680306,1424.934998242207,-57.43135927417643,1
2024-25,Round of 16,1,2025-03-11,Chelsea,Benfica,1,2,A,11,10,64.7,35.3,3,1,0,0,1.09,2.01,69.68,74.13,3,1,1,0.5,0.5,-4.449999999999989,-0.9199999999999997,29.400000000000006,1,1,1378.0063560299209,1462.1233369522693,-84.11698092234838,2
2024-25,Quarter-finals,2,2025-03-14,Tottenham,Arsenal,1,2,A,11,9,60.9,39.1,3,2,0,0,1.03,3.0,71.37,89.97,3,1,1,0.3,0.8,-18.599999999999994,-1.97,21.799999999999997,2,2,1422.3140152396768,1608.5761484047553,-186.26213316507847,2
2024-25,Quarter-finals,2,2025-03-19,Arsenal,Benfica,2,1,H,12,4,59.9,40.1,3,0,1,0,2.07,0.52,89.97,74.13,3,1,1,0.8,0.7,15.840000000000003,1.5499999999999998,19.799999999999997,8,2,1616.7355991319125,1474.3235613027612,142.41203782915136,0
2024-25,Semi-finals,3,2025-03-23,Benfica,Tottenham,2,0,H,14,11,42.9,57.1,0,0,0,0,2.01,0.52,74.13,71.37,2,0,0,0.7,0.3,2.759999999999991,1.4899999999999998,-14.200000000000003,3,3,1464.5376948625876,1414.1545645125195,50.383130350068086,0
2024-25,Round of 16,1,2025-04-07,Borussia Dortmund,Liverpool,1,0,H,13,8,48.4,51.6,3,2,0,1,0.57,-0.32,86.24,69.68,1,0,0,0.5,0.2,16.559999999999988,0.8899999999999999,-3.200000000000003,5,1,1544.0449083967694,1419.3150233014378,124.72988509533161,0
2024-25,Round of 16,1,2025-04-15,Benfica,Liverpool,0,0,D,14,9,41.2,58.8,1,2,0,0,-0.55,0.32,74.13,69.68,0,0,0,0.7,0.2,4.449999999999989,-0.8700000000000001,-17.599999999999994,5,1,1478.2335944575038,1408.824370446452,69.40922401105195,1
